id,name,base_experience,height,weight,hp,attack,defense,special-attack,special-defense,speed,is_baby,is_mythical,is_legendary
1,bulbasaur,64,7,69,45,49,49,65,65,45,False,False,False
2,ivysaur,142,10,130,60,62,63,80,80,60,False,False,False
3,venusaur,236,20,1000,80,82,83,100,100,80,False,False,False
4,charmander,62,6,85,39,52,43,60,50,65,False,False,False
5,charmeleon,142,11,190,58,64,58,80,65,80,False,False,False
6,charizard,240,17,905,78,84,78,109,85,100,False,False,False
7,squirtle,63,5,90,44,48,65,50,64,43,False,False,False
8,wartortle,142,10,225,59,63,80,65,80,58,False,False,False
9,blastoise,239,16,855,79,83,100,85,105,78,False,False,False
10,caterpie,39,3,29,45,30,35,20,20,45,False,False,False
11,metapod,72,7,99,50,20,55,25,25,30,False,False,False
12,butterfree,178,11,320,60,45,50,90,80,70,False,False,False
13,weedle,39,3,32,40,35,30,20,20,50,False,False,False
14,kakuna,72,6,100,45,25,50,25,25,35,False,False,False
15,beedrill,178,10,295,65,90,40,45,80,75,False,False,False
16,pidgey,50,3,18,40,45,40,35,35,56,False,False,False
17,pidgeotto,122,11,300,63,60,55,50,50,71,False,False,False
18,pidgeot,216,15,395,83,80,75,70,70,101,False,False,False
19,rattata,51,3,35,30,56,35,25,35,72,False,False,False
20,raticate,145,7,185,55,81,60,50,70,97,False,False,False
21,spearow,52,3,20,40,60,30,31,31,70,False,False,False
22,fearow,155,12,380,65,90,65,61,61,100,False,False,False
23,ekans,58,20,69,35,60,44,40,54,55,False,False,False
24,arbok,157,35,650,60,95,69,65,79,80,False,False,False
25,pikachu,112,4,60,35,55,40,50,50,90,False,False,False
26,raichu,218,8,300,60,90,55,90,80,110,False,False,False
27,sandshrew,60,6,120,50,75,85,20,30,40,False,False,False
28,sandslash,158,10,295,75,100,110,45,55,65,False,False,False
29,nidoran-f,55,4,70,55,47,52,40,40,41,False,False,False
30,nidorina,128,8,200,70,62,67,55,55,56,False,False,False
31,nidoqueen,227,13,600,90,92,87,75,85,76,False,False,False
32,nidoran-m,55,5,90,46,57,40,40,40,50,False,False,False
33,nidorino,128,9,195,61,72,57,55,55,65,False,False,False
34,nidoking,227,14,620,81,102,77,85,75,85,False,False,False
35,clefairy,113,6,75,70,45,48,60,65,35,False,False,False
36,clefable,217,13,400,95,70,73,95,90,60,False,False,False
37,vulpix,60,6,99,38,41,40,50,65,65,False,False,False
38,ninetales,177,11,199,73,76,75,81,100,100,False,False,False
39,jigglypuff,95,5,55,115,45,20,45,25,20,False,False,False
40,wigglytuff,196,10,120,140,70,45,85,50,45,False,False,False
41,zubat,49,8,75,40,45,35,30,40,55,False,False,False
42,golbat,159,16,550,75,80,70,65,75,90,False,False,False
43,oddish,64,5,54,45,50,55,75,65,30,False,False,False
44,gloom,138,8,86,60,65,70,85,75,40,False,False,False
45,vileplume,221,12,186,75,80,85,110,90,50,False,False,False
46,paras,57,3,54,35,70,55,45,55,25,False,False,False
47,parasect,142,10,295,60,95,80,60,80,30,False,False,False
48,venonat,61,10,300,60,55,50,40,55,45,False,False,False
49,venomoth,158,15,125,70,65,60,90,75,90,False,False,False
50,diglett,53,2,8,10,55,25,35,45,95,False,False,False
51,dugtrio,149,7,333,35,100,50,50,70,120,False,False,False
52,meowth,58,4,42,40,45,35,40,40,90,False,False,False
53,persian,154,10,320,65,70,60,65,65,115,False,False,False
54,psyduck,64,8,196,50,52,48,65,50,55,False,False,False
55,golduck,175,17,766,80,82,78,95,80,85,False,False,False
56,mankey,61,5,280,40,80,35,35,45,70,False,False,False
57,primeape,159,10,320,65,105,60,60,70,95,False,False,False
58,growlithe,70,7,190,55,70,45,70,50,60,False,False,False
59,arcanine,194,19,1550,90,110,80,100,80,95,False,False,False
60,poliwag,60,6,124,40,50,40,40,40,90,False,False,False
61,poliwhirl,135,10,200,65,65,65,50,50,90,False,False,False
62,poliwrath,230,13,540,90,95,95,70,90,70,False,False,False
63,abra,62,9,195,25,20,15,105,55,90,False,False,False
64,kadabra,140,13,565,40,35,30,120,70,105,False,False,False
65,alakazam,225,15,480,55,50,45,135,95,120,False,False,False
66,machop,61,8,195,70,80,50,35,35,35,False,False,False
67,machoke,142,15,705,80,100,70,50,60,45,False,False,False
68,machamp,227,16,1300,90,130,80,65,85,55,False,False,False
69,bellsprout,60,7,40,50,75,35,70,30,40,False,False,False
70,weepinbell,137,10,64,65,90,50,85,45,55,False,False,False
71,victreebel,221,17,155,80,105,65,100,70,70,False,False,False
72,tentacool,67,9,455,40,40,35,50,100,70,False,False,False
73,tentacruel,180,16,550,80,70,65,80,120,100,False,False,False
74,geodude,60,4,200,40,80,100,30,30,20,False,False,False
75,graveler,137,10,1050,55,95,115,45,45,35,False,False,False
76,golem,223,14,3000,80,120,130,55,65,45,False,False,False
77,ponyta,82,10,300,50,85,55,65,65,90,False,False,False
78,rapidash,175,17,950,65,100,70,80,80,105,False,False,False
79,slowpoke,63,12,360,90,65,65,40,40,15,False,False,False
80,slowbro,172,16,785,95,75,110,100,80,30,False,False,False
81,magnemite,65,3,60,25,35,70,95,55,45,False,False,False
82,magneton,163,10,600,50,60,95,120,70,70,False,False,False
83,farfetchd,132,8,150,52,90,55,58,62,60,False,False,False
84,doduo,62,14,392,35,85,45,35,35,75,False,False,False
85,dodrio,165,18,852,60,110,70,60,60,110,False,False,False
86,seel,65,11,900,65,45,55,45,70,45,False,False,False
87,dewgong,166,17,1200,90,70,80,70,95,70,False,False,False
88,grimer,65,9,300,80,80,50,40,50,25,False,False,False
89,muk,175,12,300,105,105,75,65,100,50,False,False,False
90,shellder,61,3,40,30,65,100,45,25,40,False,False,False
91,cloyster,184,15,1325,50,95,180,85,45,70,False,False,False
92,gastly,62,13,1,30,35,30,100,35,80,False,False,False
93,haunter,142,16,1,45,50,45,115,55,95,False,False,False
94,gengar,225,15,405,60,65,60,130,75,110,False,False,False
95,onix,77,88,2100,35,45,160,30,45,70,False,False,False
96,drowzee,66,10,324,60,48,45,43,90,42,False,False,False
97,hypno,169,16,756,85,73,70,73,115,67,False,False,False
98,krabby,65,4,65,30,105,90,25,25,50,False,False,False
99,kingler,166,13,600,55,130,115,50,50,75,False,False,False
100,voltorb,66,5,104,40,30,50,55,55,100,False,False,False
101,electrode,172,12,666,60,50,70,80,80,150,False,False,False
102,exeggcute,65,4,25,60,40,80,60,45,40,False,False,False
103,exeggutor,186,20,1200,95,95,85,125,75,55,False,False,False
104,cubone,64,4,65,50,50,95,40,50,35,False,False,False
105,marowak,149,10,450,60,80,110,50,80,45,False,False,False
106,hitmonlee,159,15,498,50,120,53,35,110,87,False,False,False
107,hitmonchan,159,14,502,50,105,79,35,110,76,False,False,False
108,lickitung,77,12,655,90,55,75,60,75,30,False,False,False
109,koffing,68,6,10,40,65,95,60,45,35,False,False,False
110,weezing,172,12,95,65,90,120,85,70,60,False,False,False
111,rhyhorn,69,10,1150,80,85,95,30,30,25,False,False,False
112,rhydon,170,19,1200,105,130,120,45,45,40,False,False,False
113,chansey,395,11,346,250,5,5,35,105,50,False,False,False
114,tangela,87,10,350,65,55,115,100,40,60,False,False,False
115,kangaskhan,172,22,800,105,95,80,40,80,90,False,False,False
116,horsea,59,4,80,30,40,70,70,25,60,False,False,False
117,seadra,154,12,250,55,65,95,95,45,85,False,False,False
118,goldeen,64,6,150,45,67,60,35,50,63,False,False,False
119,seaking,158,13,390,80,92,65,65,80,68,False,False,False
120,staryu,68,8,345,30,45,55,70,55,85,False,False,False
121,starmie,182,11,800,60,75,85,100,85,115,False,False,False
122,mr-mime,161,13,545,40,45,65,100,120,90,False,False,False
123,scyther,100,15,560,70,110,80,55,80,105,False,False,False
124,jynx,159,14,406,65,50,35,115,95,95,False,False,False
125,electabuzz,172,11,300,65,83,57,95,85,105,False,False,False
126,magmar,173,13,445,65,95,57,100,85,93,False,False,False
127,pinsir,175,15,550,65,125,100,55,70,85,False,False,False
128,tauros,172,14,884,75,100,95,40,70,110,False,False,False
129,magikarp,40,9,100,20,10,55,15,20,80,False,False,False
130,gyarados,189,65,2350,95,125,79,60,100,81,False,False,False
131,lapras,187,25,2200,130,85,80,85,95,60,False,False,False
132,ditto,101,3,40,48,48,48,48,48,48,False,False,False
133,eevee,65,3,65,55,55,50,45,65,55,False,False,False
134,vaporeon,184,10,290,130,65,60,110,95,65,False,False,False
135,jolteon,184,8,245,65,65,60,110,95,130,False,False,False
136,flareon,184,9,250,65,130,60,95,110,65,False,False,False
137,porygon,79,8,365,65,60,70,85,75,40,False,False,False
138,omanyte,71,4,75,35,40,100,90,55,35,False,False,False
139,omastar,173,10,350,70,60,125,115,70,55,False,False,False
140,kabuto,71,5,115,30,80,90,55,45,55,False,False,False
141,kabutops,173,13,405,60,115,105,65,70,80,False,False,False
142,aerodactyl,180,18,590,80,105,65,60,75,130,False,False,False
143,snorlax,189,21,4600,160,110,65,65,110,30,False,False,False
144,articuno,261,17,554,90,85,100,95,125,85,False,False,True
145,zapdos,261,16,526,90,90,85,125,90,100,False,False,True
146,moltres,261,20,600,90,100,90,125,85,90,False,False,True
147,dratini,60,18,33,41,64,45,50,50,50,False,False,False
148,dragonair,147,40,165,61,84,65,70,70,70,False,False,False
149,dragonite,270,22,2100,91,134,95,100,100,80,False,False,False
150,mewtwo,306,20,1220,106,110,90,154,90,130,False,False,True
151,mew,270,4,40,100,100,100,100,100,100,False,True,False
152,chikorita,64,9,64,45,49,65,49,65,45,False,False,False
153,bayleef,142,12,158,60,62,80,63,80,60,False,False,False
154,meganium,236,18,1005,80,82,100,83,100,80,False,False,False
155,cyndaquil,62,5,79,39,52,43,60,50,65,False,False,False
156,quilava,142,9,190,58,64,58,80,65,80,False,False,False
157,typhlosion,240,17,795,78,84,78,109,85,100,False,False,False
158,totodile,63,6,95,50,65,64,44,48,43,False,False,False
159,croconaw,142,11,250,65,80,80,59,63,58,False,False,False
160,feraligatr,239,23,888,85,105,100,79,83,78,False,False,False
161,sentret,43,8,60,35,46,34,35,45,20,False,False,False
162,furret,145,18,325,85,76,64,45,55,90,False,False,False
163,hoothoot,52,7,212,60,30,30,36,56,50,False,False,False
164,noctowl,158,16,408,100,50,50,86,96,70,False,False,False
165,ledyba,53,10,108,40,20,30,40,80,55,False,False,False
166,ledian,137,14,356,55,35,50,55,110,85,False,False,False
167,spinarak,50,5,85,40,60,40,40,40,30,False,False,False
168,ariados,140,11,335,70,90,70,60,70,40,False,False,False
169,crobat,241,18,750,85,90,80,70,80,130,False,False,False
170,chinchou,66,5,120,75,38,38,56,56,67,False,False,False
171,lanturn,161,12,225,125,58,58,76,76,67,False,False,False
172,pichu,41,3,20,20,40,15,35,35,60,True,False,False
173,cleffa,44,3,30,50,25,28,45,55,15,True,False,False
174,igglybuff,42,3,10,90,30,15,40,20,15,True,False,False
175,togepi,49,3,15,35,20,65,40,65,20,True,False,False
176,togetic,142,6,32,55,40,85,80,105,40,False,False,False
177,natu,64,2,20,40,50,45,70,45,70,False,False,False
178,xatu,165,15,150,65,75,70,95,70,95,False,False,False
179,mareep,56,6,78,55,40,40,65,45,35,False,False,False
180,flaaffy,128,8,133,70,55,55,80,60,45,False,False,False
181,ampharos,230,14,615,90,75,85,115,90,55,False,False,False
182,bellossom,221,4,58,75,80,95,90,100,50,False,False,False
183,marill,88,4,85,70,20,50,20,50,40,False,False,False
184,azumarill,189,8,285,100,50,80,60,80,50,False,False,False
185,sudowoodo,144,12,380,70,100,115,30,65,30,False,False,False
186,politoed,225,11,339,90,75,75,90,100,70,False,False,False
187,hoppip,50,4,5,35,35,40,35,55,50,False,False,False
188,skiploom,119,6,10,55,45,50,45,65,80,False,False,False
189,jumpluff,207,8,30,75,55,70,55,95,110,False,False,False
190,aipom,72,8,115,55,70,55,40,55,85,False,False,False
191,sunkern,36,3,18,30,30,30,30,30,30,False,False,False
192,sunflora,149,8,85,75,75,55,105,85,30,False,False,False
193,yanma,78,12,380,65,65,45,75,45,95,False,False,False
194,wooper,42,4,85,55,45,45,25,25,15,False,False,False
195,quagsire,151,14,750,95,85,85,65,65,35,False,False,False
196,espeon,184,9,265,65,65,60,130,95,110,False,False,False
197,umbreon,184,10,270,95,65,110,60,130,65,False,False,False
198,murkrow,81,5,21,60,85,42,85,42,91,False,False,False
199,slowking,172,20,795,95,75,80,100,110,30,False,False,False
200,misdreavus,87,7,10,60,60,60,85,85,85,False,False,False
201,unown,118,5,50,48,72,48,72,48,48,False,False,False
202,wobbuffet,142,13,285,190,33,58,33,58,33,False,False,False
203,girafarig,159,15,415,70,80,65,90,65,85,False,False,False
204,pineco,58,6,72,50,65,90,35,35,15,False,False,False
205,forretress,163,12,1258,75,90,140,60,60,40,False,False,False
206,dunsparce,145,15,140,100,70,70,65,65,45,False,False,False
207,gligar,86,11,648,65,75,105,35,65,85,False,False,False
208,steelix,179,92,4000,75,85,200,55,65,30,False,False,False
209,snubbull,60,6,78,60,80,50,40,40,30,False,False,False
210,granbull,158,14,487,90,120,75,60,60,45,False,False,False
211,qwilfish,88,5,39,65,95,85,55,55,85,False,False,False
212,scizor,175,18,1180,70,130,100,55,80,65,False,False,False
213,shuckle,177,6,205,20,10,230,10,230,5,False,False,False
214,heracross,175,15,540,80,125,75,40,95,85,False,False,False
215,sneasel,86,9,280,55,95,55,35,75,115,False,False,False
216,teddiursa,66,6,88,60,80,50,50,50,40,False,False,False
217,ursaring,175,18,1258,90,130,75,75,75,55,False,False,False
218,slugma,50,7,350,40,40,40,70,40,20,False,False,False
219,magcargo,151,8,550,60,50,120,90,80,30,False,False,False
220,swinub,50,4,65,50,50,40,30,30,50,False,False,False
221,piloswine,158,11,558,100,100,80,60,60,50,False,False,False
222,corsola,144,6,50,65,55,95,65,95,35,False,False,False
223,remoraid,60,6,120,35,65,35,65,35,65,False,False,False
224,octillery,168,9,285,75,105,75,105,75,45,False,False,False
225,delibird,116,9,160,45,55,45,65,45,75,False,False,False
226,mantine,170,21,2200,85,40,70,80,140,70,False,False,False
227,skarmory,163,17,505,65,80,140,40,70,70,False,False,False
228,houndour,66,6,108,45,60,30,80,50,65,False,False,False
229,houndoom,175,14,350,75,90,50,110,80,95,False,False,False
230,kingdra,243,18,1520,75,95,95,95,95,85,False,False,False
231,phanpy,66,5,335,90,60,60,40,40,40,False,False,False
232,donphan,175,11,1200,90,120,120,60,60,50,False,False,False
233,porygon2,180,6,325,85,80,90,105,95,60,False,False,False
234,stantler,163,14,712,73,95,62,85,65,85,False,False,False
235,smeargle,88,12,580,55,20,35,20,45,75,False,False,False
236,tyrogue,42,7,210,35,35,35,35,35,35,True,False,False
237,hitmontop,159,14,480,50,95,95,35,110,70,False,False,False
238,smoochum,61,4,60,45,30,15,85,65,65,True,False,False
239,elekid,72,6,235,45,63,37,65,55,95,True,False,False
240,magby,73,7,214,45,75,37,70,55,83,True,False,False
241,miltank,172,12,755,95,80,105,40,70,100,False,False,False
242,blissey,608,15,468,255,10,10,75,135,55,False,False,False
243,raikou,261,19,1780,90,85,75,115,100,115,False,False,True
244,entei,261,21,1980,115,115,85,90,75,100,False,False,True
245,suicune,261,20,1870,100,75,115,90,115,85,False,False,True
246,larvitar,60,6,720,50,64,50,45,50,41,False,False,False
247,pupitar,144,12,1520,70,84,70,65,70,51,False,False,False
248,tyranitar,270,20,2020,100,134,110,95,100,61,False,False,False
249,lugia,306,52,2160,106,90,130,90,154,110,False,False,True
250,ho-oh,306,38,1990,106,130,90,110,154,90,False,False,True
251,celebi,270,6,50,100,100,100,100,100,100,False,True,False
252,treecko,62,5,50,40,45,35,65,55,70,False,False,False
253,grovyle,142,9,216,50,65,45,85,65,95,False,False,False
254,sceptile,239,17,522,70,85,65,105,85,120,False,False,False
255,torchic,62,4,25,45,60,40,70,50,45,False,False,False
256,combusken,142,9,195,60,85,60,85,60,55,False,False,False
257,blaziken,239,19,520,80,120,70,110,70,80,False,False,False
258,mudkip,62,4,76,50,70,50,50,50,40,False,False,False
259,marshtomp,142,7,280,70,85,70,60,70,50,False,False,False
260,swampert,241,15,819,100,110,90,85,90,60,False,False,False
261,poochyena,56,5,136,35,55,35,30,30,35,False,False,False
262,mightyena,147,10,370,70,90,70,60,60,70,False,False,False
263,zigzagoon,56,4,175,38,30,41,30,41,60,False,False,False
264,linoone,147,5,325,78,70,61,50,61,100,False,False,False
265,wurmple,56,3,36,45,45,35,20,30,20,False,False,False
266,silcoon,72,6,100,50,35,55,25,25,15,False,False,False
267,beautifly,178,10,284,60,70,50,100,50,65,False,False,False
268,cascoon,72,7,115,50,35,55,25,25,15,False,False,False
269,dustox,173,12,316,60,50,70,50,90,65,False,False,False
270,lotad,44,5,26,40,30,30,40,50,30,False,False,False
271,lombre,119,12,325,60,50,50,60,70,50,False,False,False
272,ludicolo,216,15,550,80,70,70,90,100,70,False,False,False
273,seedot,44,5,40,40,40,50,30,30,30,False,False,False
274,nuzleaf,119,10,280,70,70,40,60,40,60,False,False,False
275,shiftry,216,13,596,90,100,60,90,60,80,False,False,False
276,taillow,54,3,23,40,55,30,30,30,85,False,False,False
277,swellow,159,7,198,60,85,60,75,50,125,False,False,False
278,wingull,54,6,95,40,30,30,55,30,85,False,False,False
279,pelipper,154,12,280,60,50,100,95,70,65,False,False,False
280,ralts,40,4,66,28,25,25,45,35,40,False,False,False
281,kirlia,97,8,202,38,35,35,65,55,50,False,False,False
282,gardevoir,233,16,484,68,65,65,125,115,80,False,False,False
283,surskit,54,5,17,40,30,32,50,52,65,False,False,False
284,masquerain,159,8,36,70,60,62,100,82,80,False,False,False
285,shroomish,59,4,45,60,40,60,40,60,35,False,False,False
286,breloom,161,12,392,60,130,80,60,60,70,False,False,False
287,slakoth,56,8,240,60,60,60,35,35,30,False,False,False
288,vigoroth,154,14,465,80,80,80,55,55,90,False,False,False
289,slaking,252,20,1305,150,160,100,95,65,100,False,False,False
290,nincada,53,5,55,31,45,90,30,30,40,False,False,False
291,ninjask,160,8,120,61,90,45,50,50,160,False,False,False
292,shedinja,83,8,12,1,90,45,30,30,40,False,False,False
293,whismur,48,6,163,64,51,23,51,23,28,False,False,False
294,loudred,126,10,405,84,71,43,71,43,48,False,False,False
295,exploud,221,15,840,104,91,63,91,73,68,False,False,False
296,makuhita,47,10,864,72,60,30,20,30,25,False,False,False
297,hariyama,166,23,2538,144,120,60,40,60,50,False,False,False
298,azurill,38,2,20,50,20,40,20,40,20,True,False,False
299,nosepass,75,10,970,30,45,135,45,90,30,False,False,False
300,skitty,52,6,110,50,45,45,35,35,50,False,False,False
301,delcatty,140,11,326,70,65,65,55,55,90,False,False,False
302,sableye,133,5,110,50,75,75,65,65,50,False,False,False
303,mawile,133,6,115,50,85,85,55,55,50,False,False,False
304,aron,66,4,600,50,70,100,40,40,30,False,False,False
305,lairon,151,9,1200,60,90,140,50,50,40,False,False,False
306,aggron,239,21,3600,70,110,180,60,60,50,False,False,False
307,meditite,56,6,112,30,40,55,40,55,60,False,False,False
308,medicham,144,13,315,60,60,75,60,75,80,False,False,False
309,electrike,59,6,152,40,45,40,65,40,65,False,False,False
310,manectric,166,15,402,70,75,60,105,60,105,False,False,False
311,plusle,142,4,42,60,50,40,85,75,95,False,False,False
312,minun,142,4,42,60,40,50,75,85,95,False,False,False
313,volbeat,151,7,177,65,73,75,47,85,85,False,False,False
314,illumise,151,6,177,65,47,75,73,85,85,False,False,False
315,roselia,140,3,20,50,60,45,100,80,65,False,False,False
316,gulpin,60,4,103,70,43,53,43,53,40,False,False,False
317,swalot,163,17,800,100,73,83,73,83,55,False,False,False
318,carvanha,61,8,208,45,90,20,65,20,65,False,False,False
319,sharpedo,161,18,888,70,120,40,95,40,95,False,False,False
320,wailmer,80,20,1300,130,70,35,70,35,60,False,False,False
321,wailord,175,145,3980,170,90,45,90,45,60,False,False,False
322,numel,61,7,240,60,60,40,65,45,35,False,False,False
323,camerupt,161,19,2200,70,100,70,105,75,40,False,False,False
324,torkoal,165,5,804,70,85,140,85,70,20,False,False,False
325,spoink,66,7,306,60,25,35,70,80,60,False,False,False
326,grumpig,165,9,715,80,45,65,90,110,80,False,False,False
327,spinda,126,11,50,60,60,60,60,60,60,False,False,False
328,trapinch,58,7,150,45,100,45,45,45,10,False,False,False
329,vibrava,119,11,153,50,70,50,50,50,70,False,False,False
330,flygon,234,20,820,80,100,80,80,80,100,False,False,False
331,cacnea,67,4,513,50,85,40,85,40,35,False,False,False
332,cacturne,166,13,774,70,115,60,115,60,55,False,False,False
333,swablu,62,4,12,45,40,60,40,75,50,False,False,False
334,altaria,172,11,206,75,70,90,70,105,80,False,False,False
335,zangoose,160,13,403,73,115,60,60,60,90,False,False,False
336,seviper,160,27,525,73,100,60,100,60,65,False,False,False
337,lunatone,161,10,1680,90,55,65,95,85,70,False,False,False
338,solrock,161,12,1540,90,95,85,55,65,70,False,False,False
339,barboach,58,4,19,50,48,43,46,41,60,False,False,False
340,whiscash,164,9,236,110,78,73,76,71,60,False,False,False
341,corphish,62,6,115,43,80,65,50,35,35,False,False,False
342,crawdaunt,164,11,328,63,120,85,90,55,55,False,False,False
343,baltoy,60,5,215,40,40,55,40,70,55,False,False,False
344,claydol,175,15,1080,60,70,105,70,120,75,False,False,False
345,lileep,71,10,238,66,41,77,61,87,23,False,False,False
346,cradily,173,15,604,86,81,97,81,107,43,False,False,False
347,anorith,71,7,125,45,95,50,40,50,75,False,False,False
348,armaldo,173,15,682,75,125,100,70,80,45,False,False,False
349,feebas,40,6,74,20,15,20,10,55,80,False,False,False
350,milotic,189,62,1620,95,60,79,100,125,81,False,False,False
351,castform,147,3,8,70,70,70,70,70,70,False,False,False
352,kecleon,154,10,220,60,90,70,60,120,40,False,False,False
353,shuppet,59,6,23,44,75,35,63,33,45,False,False,False
354,banette,159,11,125,64,115,65,83,63,65,False,False,False
355,duskull,59,8,150,20,40,90,30,90,25,False,False,False
356,dusclops,159,16,306,40,70,130,60,130,25,False,False,False
357,tropius,161,20,1000,99,68,83,72,87,51,False,False,False
358,chimecho,159,6,10,75,50,80,95,90,65,False,False,False
359,absol,163,12,470,65,130,60,75,60,75,False,False,False
360,wynaut,52,6,140,95,23,48,23,48,23,True,False,False
361,snorunt,60,7,168,50,50,50,50,50,50,False,False,False
362,glalie,168,15,2565,80,80,80,80,80,80,False,False,False
363,spheal,58,8,395,70,40,50,55,50,25,False,False,False
364,sealeo,144,11,876,90,60,70,75,70,45,False,False,False
365,walrein,239,14,1506,110,80,90,95,90,65,False,False,False
366,clamperl,69,4,525,35,64,85,74,55,32,False,False,False
367,huntail,170,17,270,55,104,105,94,75,52,False,False,False
368,gorebyss,170,18,226,55,84,105,114,75,52,False,False,False
369,relicanth,170,10,234,100,90,130,45,65,55,False,False,False
370,luvdisc,116,6,87,43,30,55,40,65,97,False,False,False
371,bagon,60,6,421,45,75,60,40,30,50,False,False,False
372,shelgon,147,11,1105,65,95,100,60,50,50,False,False,False
373,salamence,270,15,1026,95,135,80,110,80,100,False,False,False
374,beldum,60,6,952,40,55,80,35,60,30,False,False,False
375,metang,147,12,2025,60,75,100,55,80,50,False,False,False
376,metagross,270,16,5500,80,135,130,95,90,70,False,False,False
377,regirock,261,17,2300,80,100,200,50,100,50,False,False,True
378,regice,261,18,1750,80,50,100,100,200,50,False,False,True
379,registeel,261,19,2050,80,75,150,75,150,50,False,False,True
380,latias,270,14,400,80,80,90,110,130,110,False,False,True
381,latios,270,20,600,80,90,80,130,110,110,False,False,True
382,kyogre,302,45,3520,100,100,90,150,140,90,False,False,True
383,groudon,302,35,9500,100,150,140,100,90,90,False,False,True
384,rayquaza,306,70,2065,105,150,90,150,90,95,False,False,True
385,jirachi,270,3,11,100,100,100,100,100,100,False,True,False
386,deoxys-normal,270,17,608,50,150,50,150,50,150,False,True,False
387,turtwig,64,4,102,55,68,64,45,55,31,False,False,False
388,grotle,142,11,970,75,89,85,55,65,36,False,False,False
389,torterra,236,22,3100,95,109,105,75,85,56,False,False,False
390,chimchar,62,5,62,44,58,44,58,44,61,False,False,False
391,monferno,142,9,220,64,78,52,78,52,81,False,False,False
392,infernape,240,12,550,76,104,71,104,71,108,False,False,False
393,piplup,63,4,52,53,51,53,61,56,40,False,False,False
394,prinplup,142,8,230,64,66,68,81,76,50,False,False,False
395,empoleon,239,17,845,84,86,88,111,101,60,False,False,False
396,starly,49,3,20,40,55,30,30,30,60,False,False,False
397,staravia,119,6,155,55,75,50,40,40,80,False,False,False
398,staraptor,218,12,249,85,120,70,50,60,100,False,False,False
399,bidoof,50,5,200,59,45,40,35,40,31,False,False,False
400,bibarel,144,10,315,79,85,60,55,60,71,False,False,False
401,kricketot,39,3,22,37,25,41,25,41,25,False,False,False
402,kricketune,134,10,255,77,85,51,55,51,65,False,False,False
403,shinx,53,5,95,45,65,34,40,34,45,False,False,False
404,luxio,127,9,305,60,85,49,60,49,60,False,False,False
405,luxray,235,14,420,80,120,79,95,79,70,False,False,False
406,budew,56,2,12,40,30,35,50,70,55,True,False,False
407,roserade,232,9,145,60,70,65,125,105,90,False,False,False
408,cranidos,70,9,315,67,125,40,30,30,58,False,False,False
409,rampardos,173,16,1025,97,165,60,65,50,58,False,False,False
410,shieldon,70,5,570,30,42,118,42,88,30,False,False,False
411,bastiodon,173,13,1495,60,52,168,47,138,30,False,False,False
412,burmy,45,2,34,40,29,45,29,45,36,False,False,False
413,wormadam-plant,148,5,65,60,59,85,79,105,36,False,False,False
414,mothim,148,9,233,70,94,50,94,50,66,False,False,False
415,combee,49,3,55,30,30,42,30,42,70,False,False,False
416,vespiquen,166,12,385,70,80,102,80,102,40,False,False,False
417,pachirisu,142,4,39,60,45,70,45,90,95,False,False,False
418,buizel,66,7,295,55,65,35,60,30,85,False,False,False
419,floatzel,173,11,335,85,105,55,85,50,115,False,False,False
420,cherubi,55,4,33,45,35,45,62,53,35,False,False,False
421,cherrim,158,5,93,70,60,70,87,78,85,False,False,False
422,shellos,65,3,63,76,48,48,57,62,34,False,False,False
423,gastrodon,166,9,299,111,83,68,92,82,39,False,False,False
424,ambipom,169,12,203,75,100,66,60,66,115,False,False,False
425,drifloon,70,4,12,90,50,34,60,44,70,False,False,False
426,drifblim,174,12,150,150,80,44,90,54,80,False,False,False
427,buneary,70,4,55,55,66,44,44,56,85,False,False,False
428,lopunny,168,12,333,65,76,84,54,96,105,False,False,False
429,mismagius,173,9,44,60,60,60,105,105,105,False,False,False
430,honchkrow,177,9,273,100,125,52,105,52,71,False,False,False
431,glameow,62,5,39,49,55,42,42,37,85,False,False,False
432,purugly,158,10,438,71,82,64,64,59,112,False,False,False
433,chingling,57,2,6,45,30,50,65,50,45,True,False,False
434,stunky,66,4,192,63,63,47,41,41,74,False,False,False
435,skuntank,168,10,380,103,93,67,71,61,84,False,False,False
436,bronzor,60,5,605,57,24,86,24,86,23,False,False,False
437,bronzong,175,13,1870,67,89,116,79,116,33,False,False,False
438,bonsly,58,5,150,50,80,95,10,45,10,True,False,False
439,mime-jr,62,6,130,20,25,45,70,90,60,True,False,False
440,happiny,110,6,244,100,5,5,15,65,30,True,False,False
441,chatot,144,5,19,76,65,45,92,42,91,False,False,False
442,spiritomb,170,10,1080,50,92,108,92,108,35,False,False,False
443,gible,60,7,205,58,70,45,40,45,42,False,False,False
444,gabite,144,14,560,68,90,65,50,55,82,False,False,False
445,garchomp,270,19,950,108,130,95,80,85,102,False,False,False
446,munchlax,78,6,1050,135,85,40,40,85,5,True,False,False
447,riolu,57,7,202,40,70,40,35,40,60,True,False,False
448,lucario,184,12,540,70,110,70,115,70,90,False,False,False
449,hippopotas,66,8,495,68,72,78,38,42,32,False,False,False
450,hippowdon,184,20,3000,108,112,118,68,72,47,False,False,False
451,skorupi,66,8,120,40,50,90,30,55,65,False,False,False
452,drapion,175,13,615,70,90,110,60,75,95,False,False,False
453,croagunk,60,7,230,48,61,40,61,40,50,False,False,False
454,toxicroak,172,13,444,83,106,65,86,65,85,False,False,False
455,carnivine,159,14,270,74,100,72,90,72,46,False,False,False
456,finneon,66,4,70,49,49,56,49,61,66,False,False,False
457,lumineon,161,12,240,69,69,76,69,86,91,False,False,False
458,mantyke,69,10,650,45,20,50,60,120,50,True,False,False
459,snover,67,10,505,60,62,50,62,60,40,False,False,False
460,abomasnow,173,22,1355,90,92,75,92,85,60,False,False,False
461,weavile,179,11,340,70,120,65,45,85,125,False,False,False
462,magnezone,241,12,1800,70,70,115,130,90,60,False,False,False
463,lickilicky,180,17,1400,110,85,95,80,95,50,False,False,False
464,rhyperior,241,24,2828,115,140,130,55,55,40,False,False,False
465,tangrowth,187,20,1286,100,100,125,110,50,50,False,False,False
466,electivire,243,18,1386,75,123,67,95,85,95,False,False,False
467,magmortar,243,16,680,75,95,67,125,95,83,False,False,False
468,togekiss,245,15,380,85,50,95,120,115,80,False,False,False
469,yanmega,180,19,515,86,76,86,116,56,95,False,False,False
470,leafeon,184,10,255,65,110,130,60,65,95,False,False,False
471,glaceon,184,8,259,65,60,110,130,95,65,False,False,False
472,gliscor,179,20,425,75,95,125,45,75,95,False,False,False
473,mamoswine,239,25,2910,110,130,80,70,60,80,False,False,False
474,porygon-z,241,9,340,85,80,70,135,75,90,False,False,False
475,gallade,233,16,520,68,125,65,65,115,80,False,False,False
476,probopass,184,14,3400,60,55,145,75,150,40,False,False,False
477,dusknoir,236,22,1066,45,100,135,65,135,45,False,False,False
478,froslass,168,13,266,70,80,70,80,70,110,False,False,False
479,rotom,154,3,3,50,50,77,95,77,91,False,False,False
480,uxie,261,3,3,75,75,130,75,130,95,False,False,True
481,mesprit,261,3,3,80,105,105,105,105,80,False,False,True
482,azelf,261,3,3,75,125,70,125,70,115,False,False,True
483,dialga,306,54,6830,100,120,120,150,100,90,False,False,True
484,palkia,306,42,3360,90,120,100,150,120,100,False,False,True
485,heatran,270,17,4300,91,90,106,130,106,77,False,False,True
486,regigigas,302,37,4200,110,160,110,80,110,100,False,False,True
487,giratina-altered,306,45,7500,150,100,120,100,120,90,False,False,True
488,cresselia,270,15,856,120,70,110,75,120,85,False,False,True
489,phione,216,4,31,80,80,80,80,80,80,False,True,False
490,manaphy,270,3,14,100,100,100,100,100,100,False,True,False
491,darkrai,270,15,505,70,90,90,135,90,125,False,True,False
492,shaymin-land,270,2,21,100,100,100,100,100,100,False,True,False
493,arceus,324,32,3200,120,120,120,120,120,120,False,True,False
494,victini,270,4,40,100,100,100,100,100,100,False,True,False
495,snivy,62,6,81,45,45,55,45,55,63,False,False,False
496,servine,145,8,160,60,60,75,60,75,83,False,False,False
497,serperior,238,33,630,75,75,95,75,95,113,False,False,False
498,tepig,62,5,99,65,63,45,45,45,45,False,False,False
499,pignite,146,10,555,90,93,55,70,55,55,False,False,False
500,emboar,238,16,1500,110,123,65,100,65,65,False,False,False
501,oshawott,62,5,59,55,55,45,63,45,45,False,False,False
502,dewott,145,8,245,75,75,60,83,60,60,False,False,False
503,samurott,238,15,946,95,100,85,108,70,70,False,False,False
504,patrat,51,5,116,45,55,39,35,39,42,False,False,False
505,watchog,147,11,270,60,85,69,60,69,77,False,False,False
506,lillipup,55,4,41,45,60,45,25,45,55,False,False,False
507,herdier,130,9,147,65,80,65,35,65,60,False,False,False
508,stoutland,225,12,610,85,110,90,45,90,80,False,False,False
509,purrloin,56,4,101,41,50,37,50,37,66,False,False,False
510,liepard,156,11,375,64,88,50,88,50,106,False,False,False
511,pansage,63,6,105,50,53,48,53,48,64,False,False,False
512,simisage,174,11,305,75,98,63,98,63,101,False,False,False
513,pansear,63,6,110,50,53,48,53,48,64,False,False,False
514,simisear,174,10,280,75,98,63,98,63,101,False,False,False
515,panpour,63,6,135,50,53,48,53,48,64,False,False,False
516,simipour,174,10,290,75,98,63,98,63,101,False,False,False
517,munna,58,6,233,76,25,45,67,55,24,False,False,False
518,musharna,170,11,605,116,55,85,107,95,29,False,False,False
519,pidove,53,3,21,50,55,50,36,30,43,False,False,False
520,tranquill,125,6,150,62,77,62,50,42,65,False,False,False
521,unfezant,220,12,290,80,115,80,65,55,93,False,False,False
522,blitzle,59,8,298,45,60,32,50,32,76,False,False,False
523,zebstrika,174,16,795,75,100,63,80,63,116,False,False,False
524,roggenrola,56,4,180,55,75,85,25,25,15,False,False,False
525,boldore,137,9,1020,70,105,105,50,40,20,False,False,False
526,gigalith,232,17,2600,85,135,130,60,80,25,False,False,False
527,woobat,65,4,21,65,45,43,55,43,72,False,False,False
528,swoobat,149,9,105,67,57,55,77,55,114,False,False,False
529,drilbur,66,3,85,60,85,40,30,45,68,False,False,False
530,excadrill,178,7,404,110,135,60,50,65,88,False,False,False
531,audino,390,11,310,103,60,86,60,86,50,False,False,False
532,timburr,61,6,125,75,80,55,25,35,35,False,False,False
533,gurdurr,142,12,400,85,105,85,40,50,40,False,False,False
534,conkeldurr,227,14,870,105,140,95,55,65,45,False,False,False
535,tympole,59,5,45,50,50,40,50,40,64,False,False,False
536,palpitoad,134,8,170,75,65,55,65,55,69,False,False,False
537,seismitoad,229,15,620,105,95,75,85,75,74,False,False,False
538,throh,163,13,555,120,100,85,30,85,45,False,False,False
539,sawk,163,14,510,75,125,75,30,75,85,False,False,False
540,sewaddle,62,3,25,45,53,70,40,60,42,False,False,False
541,swadloon,133,5,73,55,63,90,50,80,42,False,False,False
542,leavanny,225,12,205,75,103,80,70,80,92,False,False,False
543,venipede,52,4,53,30,45,59,30,39,57,False,False,False
544,whirlipede,126,12,585,40,55,99,40,79,47,False,False,False
545,scolipede,218,25,2005,60,100,89,55,69,112,False,False,False
546,cottonee,56,3,6,40,27,60,37,50,66,False,False,False
547,whimsicott,168,7,66,60,67,85,77,75,116,False,False,False
548,petilil,56,5,66,45,35,50,70,50,30,False,False,False
549,lilligant,168,11,163,70,60,75,110,75,90,False,False,False
550,basculin-red-striped,161,10,180,70,92,65,80,55,98,False,False,False
551,sandile,58,7,152,50,72,35,35,35,65,False,False,False
552,krokorok,123,10,334,60,82,45,45,45,74,False,False,False
553,krookodile,234,15,963,95,117,80,65,70,92,False,False,False
554,darumaka,63,6,375,70,90,45,15,45,50,False,False,False
555,darmanitan-standard,168,13,929,105,140,55,30,55,95,False,False,False
556,maractus,161,10,280,75,86,67,106,67,60,False,False,False
557,dwebble,65,3,145,50,65,85,35,35,55,False,False,False
558,crustle,170,14,2000,70,105,125,65,75,45,False,False,False
559,scraggy,70,6,118,50,75,70,35,70,48,False,False,False
560,scrafty,171,11,300,65,90,115,45,115,58,False,False,False
561,sigilyph,172,14,140,72,58,80,103,80,97,False,False,False
562,yamask,61,5,15,38,30,85,55,65,30,False,False,False
563,cofagrigus,169,17,765,58,50,145,95,105,30,False,False,False
564,tirtouga,71,7,165,54,78,103,53,45,22,False,False,False
565,carracosta,173,12,810,74,108,133,83,65,32,False,False,False
566,archen,71,5,95,55,112,45,74,45,70,False,False,False
567,archeops,177,14,320,75,140,65,112,65,110,False,False,False
568,trubbish,66,6,310,50,50,62,40,62,65,False,False,False
569,garbodor,166,19,1073,80,95,82,60,82,75,False,False,False
570,zorua,66,7,125,40,65,40,80,40,65,False,False,False
571,zoroark,179,16,811,60,105,60,120,60,105,False,False,False
572,minccino,60,4,58,55,50,40,40,40,75,False,False,False
573,cinccino,165,5,75,75,95,60,65,60,115,False,False,False
574,gothita,58,4,58,45,30,50,55,65,45,False,False,False
575,gothorita,137,7,180,60,45,70,75,85,55,False,False,False
576,gothitelle,221,15,440,70,55,95,95,110,65,False,False,False
577,solosis,58,3,10,45,30,40,105,50,20,False,False,False
578,duosion,130,6,80,65,40,50,125,60,30,False,False,False
579,reuniclus,221,10,201,110,65,75,125,85,30,False,False,False
580,ducklett,61,5,55,62,44,50,44,50,55,False,False,False
581,swanna,166,13,242,75,87,63,87,63,98,False,False,False
582,vanillite,61,4,57,36,50,50,65,60,44,False,False,False
583,vanillish,138,11,410,51,65,65,80,75,59,False,False,False
584,vanilluxe,241,13,575,71,95,85,110,95,79,False,False,False
585,deerling,67,6,195,60,60,50,40,50,75,False,False,False
586,sawsbuck,166,19,925,80,100,70,60,70,95,False,False,False
587,emolga,150,4,50,55,75,60,75,60,103,False,False,False
588,karrablast,63,5,59,50,75,45,40,45,60,False,False,False
589,escavalier,173,10,330,70,135,105,60,105,20,False,False,False
590,foongus,59,2,10,69,55,45,55,55,15,False,False,False
591,amoonguss,162,6,105,114,85,70,85,80,30,False,False,False
592,frillish-male,67,12,330,55,40,50,65,85,40,False,False,False
593,jellicent-male,168,22,1350,100,60,70,85,105,60,False,False,False
594,alomomola,165,12,316,165,75,80,40,45,65,False,False,False
595,joltik,64,1,6,50,47,50,57,50,65,False,False,False
596,galvantula,165,8,143,70,77,60,97,60,108,False,False,False
597,ferroseed,61,6,188,44,50,91,24,86,10,False,False,False
598,ferrothorn,171,10,1100,74,94,131,54,116,20,False,False,False
599,klink,60,3,210,40,55,70,45,60,30,False,False,False
600,klang,154,6,510,60,80,95,70,85,50,False,False,False
601,klinklang,234,6,810,60,100,115,70,85,90,False,False,False
602,tynamo,55,2,3,35,55,40,45,40,60,False,False,False
603,eelektrik,142,12,220,65,85,70,75,70,40,False,False,False
604,eelektross,232,21,805,85,115,80,105,80,50,False,False,False
605,elgyem,67,5,90,55,55,55,85,55,30,False,False,False
606,beheeyem,170,10,345,75,75,75,125,95,40,False,False,False
607,litwick,55,3,31,50,30,55,65,55,20,False,False,False
608,lampent,130,6,130,60,40,60,95,60,55,False,False,False
609,chandelure,234,10,343,60,55,90,145,90,80,False,False,False
610,axew,64,6,180,46,87,60,30,40,57,False,False,False
611,fraxure,144,10,360,66,117,70,40,50,67,False,False,False
612,haxorus,243,18,1055,76,147,90,60,70,97,False,False,False
613,cubchoo,61,5,85,55,70,40,60,40,40,False,False,False
614,beartic,177,26,2600,95,130,80,70,80,50,False,False,False
615,cryogonal,180,11,1480,80,50,50,95,135,105,False,False,False
616,shelmet,61,4,77,50,40,85,40,65,25,False,False,False
617,accelgor,173,8,253,80,70,40,100,60,145,False,False,False
618,stunfisk,165,7,110,109,66,84,81,99,32,False,False,False
619,mienfoo,70,9,200,45,85,50,55,50,65,False,False,False
620,mienshao,179,14,355,65,125,60,95,60,105,False,False,False
621,druddigon,170,16,1390,77,120,90,60,90,48,False,False,False
622,golett,61,10,920,59,74,50,35,50,35,False,False,False
623,golurk,169,28,3300,89,124,80,55,80,55,False,False,False
624,pawniard,68,5,102,45,85,70,40,40,60,False,False,False
625,bisharp,172,16,700,65,125,100,60,70,70,False,False,False
626,bouffalant,172,16,946,95,110,95,40,95,55,False,False,False
627,rufflet,70,5,105,70,83,50,37,50,60,False,False,False
628,braviary,179,15,410,100,123,75,57,75,80,False,False,False
629,vullaby,74,5,90,70,55,75,45,65,60,False,False,False
630,mandibuzz,179,12,395,110,65,105,55,95,80,False,False,False
631,heatmor,169,14,580,85,97,66,105,66,65,False,False,False
632,durant,169,3,330,58,109,112,48,48,109,False,False,False
633,deino,60,8,173,52,65,50,45,50,38,False,False,False
634,zweilous,147,14,500,72,85,70,65,70,58,False,False,False
635,hydreigon,270,18,1600,92,105,90,125,90,98,False,False,False
636,larvesta,72,11,288,55,85,55,50,55,60,False,False,False
637,volcarona,248,16,460,85,60,65,135,105,100,False,False,False
638,cobalion,261,21,2500,91,90,129,90,72,108,False,False,True
639,terrakion,261,19,2600,91,129,90,72,90,108,False,False,True
640,virizion,261,20,2000,91,90,72,90,129,108,False,False,True
641,tornadus-incarnate,261,15,630,79,115,70,125,80,111,False,False,True
642,thundurus-incarnate,261,15,610,79,115,70,125,80,111,False,False,True
643,reshiram,306,32,3300,100,120,100,150,120,90,False,False,True
644,zekrom,306,29,3450,100,150,120,120,100,90,False,False,True
645,landorus-incarnate,270,15,680,89,125,90,115,80,101,False,False,True
646,kyurem,297,30,3250,125,130,90,130,90,95,False,False,True
647,keldeo-ordinary,261,14,485,91,72,90,129,90,108,False,True,False
648,meloetta-aria,270,6,65,100,77,77,128,128,90,False,True,False
649,genesect,270,15,825,71,120,95,120,95,99,False,True,False
650,chespin,63,4,90,56,61,65,48,45,38,False,False,False
651,quilladin,142,7,290,61,78,95,56,58,57,False,False,False
652,chesnaught,239,16,900,88,107,122,74,75,64,False,False,False
653,fennekin,61,4,94,40,45,40,62,60,60,False,False,False
654,braixen,143,10,145,59,59,58,90,70,73,False,False,False
655,delphox,240,15,390,75,69,72,114,100,104,False,False,False
656,froakie,63,3,70,41,56,40,62,44,71,False,False,False
657,frogadier,142,6,109,54,63,52,83,56,97,False,False,False
658,greninja,239,15,400,72,95,67,103,71,122,False,False,False
659,bunnelby,47,4,50,38,36,38,32,36,57,False,False,False
660,diggersby,148,10,424,85,56,77,50,77,78,False,False,False
661,fletchling,56,3,17,45,50,43,40,38,62,False,False,False
662,fletchinder,134,7,160,62,73,55,56,52,84,False,False,False
663,talonflame,175,12,245,78,81,71,74,69,126,False,False,False
664,scatterbug,40,3,25,38,35,40,27,25,35,False,False,False
665,spewpa,75,3,84,45,22,60,27,30,29,False,False,False
666,vivillon,185,12,170,80,52,50,90,50,89,False,False,False
667,litleo,74,6,135,62,50,58,73,54,72,False,False,False
668,pyroar-male,177,15,815,86,68,72,109,66,106,False,False,False
669,flabebe,61,1,1,44,38,39,61,79,42,False,False,False
670,floette,130,2,9,54,45,47,75,98,52,False,False,False
671,florges,248,11,100,78,65,68,112,154,75,False,False,False
672,skiddo,70,9,310,66,65,48,62,57,52,False,False,False
673,gogoat,186,17,910,123,100,62,97,81,68,False,False,False
674,pancham,70,6,80,67,82,62,46,48,43,False,False,False
675,pangoro,173,21,1360,95,124,78,69,71,58,False,False,False
676,furfrou,165,12,280,75,80,60,65,90,102,False,False,False
677,espurr,71,3,35,62,48,54,63,60,68,False,False,False
678,meowstic-male,163,6,85,74,48,76,83,81,104,False,False,False
679,honedge,65,8,20,45,80,100,35,37,28,False,False,False
680,doublade,157,8,45,59,110,150,45,49,35,False,False,False
681,aegislash-shield,234,17,530,60,50,140,50,140,60,False,False,False
682,spritzee,68,2,5,78,52,60,63,65,23,False,False,False
683,aromatisse,162,8,155,101,72,72,99,89,29,False,False,False
684,swirlix,68,4,35,62,48,66,59,57,49,False,False,False
685,slurpuff,168,8,50,82,80,86,85,75,72,False,False,False
686,inkay,58,4,35,53,54,53,37,46,45,False,False,False
687,malamar,169,15,470,86,92,88,68,75,73,False,False,False
688,binacle,61,5,310,42,52,67,39,56,50,False,False,False
689,barbaracle,175,13,960,72,105,115,54,86,68,False,False,False
690,skrelp,64,5,73,50,60,60,60,60,30,False,False,False
691,dragalge,173,18,815,65,75,90,97,123,44,False,False,False
692,clauncher,66,5,83,50,53,62,58,63,44,False,False,False
693,clawitzer,100,13,353,71,73,88,120,89,59,False,False,False
694,helioptile,58,5,60,44,38,33,61,43,70,False,False,False
695,heliolisk,168,10,210,62,55,52,109,94,109,False,False,False
696,tyrunt,72,8,260,58,89,77,45,45,48,False,False,False
697,tyrantrum,182,25,2700,82,121,119,69,59,71,False,False,False
698,amaura,72,13,252,77,59,50,67,63,46,False,False,False
699,aurorus,104,27,2250,123,77,72,99,92,58,False,False,False
700,sylveon,184,10,235,95,65,65,110,130,60,False,False,False
701,hawlucha,175,8,215,78,92,75,74,63,118,False,False,False
702,dedenne,151,2,22,67,58,57,81,67,101,False,False,False
703,carbink,100,3,57,50,50,150,50,150,50,False,False,False
704,goomy,60,3,28,45,50,35,55,75,40,False,False,False
705,sliggoo,158,8,175,68,75,53,83,113,60,False,False,False
706,goodra,270,20,1505,90,100,70,110,150,80,False,False,False
707,klefki,165,2,30,57,80,91,80,87,75,False,False,False
708,phantump,62,4,70,43,70,48,50,60,38,False,False,False
709,trevenant,166,15,710,85,110,76,65,82,56,False,False,False
710,pumpkaboo-average,67,4,50,49,66,70,44,55,51,False,False,False
711,gourgeist-average,173,9,125,65,90,122,58,75,84,False,False,False
712,bergmite,61,10,995,55,69,85,32,35,28,False,False,False
713,avalugg,180,20,5050,95,117,184,44,46,28,False,False,False
714,noibat,49,5,80,40,30,35,45,40,55,False,False,False
715,noivern,187,15,850,85,70,80,97,80,123,False,False,False
716,xerneas,306,30,2150,126,131,95,131,98,99,False,False,True
717,yveltal,306,58,2030,126,131,95,131,98,99,False,False,True
718,zygarde-50,270,50,3050,108,100,121,81,95,95,False,False,True
719,diancie,270,7,88,50,100,150,100,150,50,False,True,False
720,hoopa,270,5,90,80,110,60,150,130,70,False,True,False
721,volcanion,270,17,1950,80,110,120,130,90,70,False,True,False
722,rowlet,64,3,15,68,55,55,50,50,42,False,False,False
723,dartrix,147,7,160,78,75,75,70,70,52,False,False,False
724,decidueye,239,16,366,78,107,75,100,100,70,False,False,False
725,litten,64,4,43,45,65,40,60,40,70,False,False,False
726,torracat,147,7,250,65,85,50,80,50,90,False,False,False
727,incineroar,239,18,830,95,115,90,80,90,60,False,False,False
728,popplio,64,4,75,50,54,54,66,56,40,False,False,False
729,brionne,147,6,175,60,69,69,91,81,50,False,False,False
730,primarina,239,18,440,80,74,74,126,116,60,False,False,False
731,pikipek,53,3,12,35,75,30,30,30,65,False,False,False
732,trumbeak,124,6,148,55,85,50,40,50,75,False,False,False
733,toucannon,218,11,260,80,120,75,75,75,60,False,False,False
734,yungoos,51,4,60,48,70,30,30,30,45,False,False,False
735,gumshoos,146,7,142,88,110,60,55,60,45,False,False,False
736,grubbin,60,4,44,47,62,45,55,45,46,False,False,False
737,charjabug,140,5,105,57,82,95,55,75,36,False,False,False
738,vikavolt,225,15,450,77,70,90,145,75,43,False,False,False
739,crabrawler,68,6,70,47,82,57,42,47,63,False,False,False
740,crabominable,167,17,1800,97,132,77,62,67,43,False,False,False
741,oricorio-baile,167,6,34,75,70,70,98,70,93,False,False,False
742,cutiefly,61,1,2,40,45,40,55,40,84,False,False,False
743,ribombee,162,2,5,60,55,60,95,70,124,False,False,False
744,rockruff,56,5,92,45,65,40,30,40,60,False,False,False
745,lycanroc-midday,170,8,250,75,115,65,55,65,112,False,False,False
746,wishiwashi-solo,61,2,3,45,20,20,25,25,40,False,False,False
747,mareanie,61,4,80,50,53,62,43,52,45,False,False,False
748,toxapex,173,7,145,50,63,152,53,142,35,False,False,False
749,mudbray,77,10,1100,70,100,70,45,55,45,False,False,False
750,mudsdale,175,25,9200,100,125,100,55,85,35,False,False,False
751,dewpider,54,3,40,38,40,52,40,72,27,False,False,False
752,araquanid,159,18,820,68,70,92,50,132,42,False,False,False
753,fomantis,50,3,15,40,55,35,50,35,35,False,False,False
754,lurantis,168,9,185,70,105,90,80,90,45,False,False,False
755,morelull,57,2,15,40,35,55,65,75,15,False,False,False
756,shiinotic,142,10,115,60,45,80,90,100,30,False,False,False
757,salandit,64,6,48,48,44,40,71,40,77,False,False,False
758,salazzle,168,12,222,68,64,60,111,60,117,False,False,False
759,stufful,68,5,68,70,75,50,45,50,50,False,False,False
760,bewear,175,21,1350,120,125,80,55,60,60,False,False,False
761,bounsweet,42,3,32,42,30,38,30,38,32,False,False,False
762,steenee,102,7,82,52,40,48,40,48,62,False,False,False
763,tsareena,230,12,214,72,120,98,50,98,72,False,False,False
764,comfey,170,1,3,51,52,90,82,110,100,False,False,False
765,oranguru,172,15,760,90,60,80,90,110,60,False,False,False
766,passimian,172,20,828,100,120,90,40,60,80,False,False,False
767,wimpod,46,5,120,25,35,40,20,30,80,False,False,False
768,golisopod,186,20,1080,75,125,140,60,90,40,False,False,False
769,sandygast,64,5,700,55,55,80,70,45,15,False,False,False
770,palossand,168,13,2500,85,75,110,100,75,35,False,False,False
771,pyukumuku,144,3,12,55,60,130,30,130,5,False,False,False
772,type-null,107,19,1205,95,95,95,95,95,59,False,False,True
773,silvally,257,23,1005,95,95,95,95,95,95,False,False,True
774,minior-red-meteor,154,3,400,60,60,100,60,100,60,False,False,False
775,komala,168,4,199,65,115,65,75,95,65,False,False,False
776,turtonator,170,20,2120,60,78,135,91,85,36,False,False,False
777,togedemaru,152,3,33,65,98,63,40,73,96,False,False,False
778,mimikyu-disguised,167,2,7,55,90,80,50,105,96,False,False,False
779,bruxish,166,9,190,68,105,70,70,70,92,False,False,False
780,drampa,170,30,1850,78,60,85,135,91,36,False,False,False
781,dhelmise,181,39,2100,70,131,100,86,90,40,False,False,False
782,jangmo-o,60,6,297,45,55,65,45,45,45,False,False,False
783,hakamo-o,147,12,470,55,75,90,65,70,65,False,False,False
784,kommo-o,270,16,782,75,110,125,100,105,85,False,False,False
785,tapu-koko,257,18,205,70,115,85,95,75,130,False,False,True
786,tapu-lele,257,12,186,70,85,75,130,115,95,False,False,True
787,tapu-bulu,257,19,455,70,130,115,85,95,75,False,False,True
788,tapu-fini,257,13,212,70,75,115,95,130,85,False,False,True
789,cosmog,40,2,1,43,29,31,29,31,37,False,False,True
790,cosmoem,140,1,9999,43,29,131,29,131,37,False,False,True
791,solgaleo,306,34,2300,137,137,107,113,89,97,False,False,True
792,lunala,306,40,1200,137,113,89,137,107,97,False,False,True
793,nihilego,257,12,555,109,53,47,127,131,103,False,False,False
794,buzzwole,257,24,3336,107,139,139,53,53,79,False,False,False
795,pheromosa,257,18,250,71,137,37,137,37,151,False,False,False
796,xurkitree,257,38,1000,83,89,71,173,71,83,False,False,False
797,celesteela,257,92,9999,97,101,103,107,101,61,False,False,False
798,kartana,257,3,1,59,181,131,59,31,109,False,False,False
799,guzzlord,257,55,8880,223,101,53,97,53,43,False,False,False
800,necrozma,270,24,2300,97,107,101,127,89,79,False,False,True
801,magearna,270,10,805,80,95,115,130,115,65,False,True,False
802,marshadow,270,7,222,90,125,80,90,90,125,False,True,False
803,poipole,189,6,18,67,73,67,73,67,73,False,False,False
804,naganadel,243,36,1500,73,73,73,127,73,121,False,False,False
805,stakataka,257,55,8200,61,131,211,53,101,13,False,False,False
806,blacephalon,257,18,130,53,127,53,151,79,107,False,False,False
807,zeraora,270,15,445,88,112,75,102,80,143,False,True,False
808,meltan,135,2,80,46,65,65,55,35,34,False,True,False
809,melmetal,270,25,8000,135,143,143,80,65,34,False,True,False
810,grookey,62,3,50,50,65,50,40,40,65,False,False,False
811,thwackey,147,7,140,70,85,70,55,60,80,False,False,False
812,rillaboom,265,21,900,100,125,90,60,70,85,False,False,False
813,scorbunny,62,3,45,50,71,40,40,40,69,False,False,False
814,raboot,147,6,90,65,86,60,55,60,94,False,False,False
815,cinderace,265,14,330,80,116,75,65,75,119,False,False,False
816,sobble,62,3,40,50,40,40,70,40,70,False,False,False
817,drizzile,147,7,115,65,60,55,95,55,90,False,False,False
818,inteleon,265,19,452,70,85,65,125,65,120,False,False,False
819,skwovet,55,3,25,70,55,55,35,35,25,False,False,False
820,greedent,161,6,60,120,95,95,55,75,20,False,False,False
821,rookidee,49,2,18,38,47,35,33,35,57,False,False,False
822,corvisquire,128,8,160,68,67,55,43,55,77,False,False,False
823,corviknight,248,22,750,98,87,105,53,85,67,False,False,False
824,blipbug,36,4,80,25,20,20,25,45,45,False,False,False
825,dottler,117,4,195,50,35,80,50,90,30,False,False,False
826,orbeetle,253,4,408,60,45,110,80,120,90,False,False,False
827,nickit,49,6,89,40,28,28,47,52,50,False,False,False
828,thievul,159,12,199,70,58,58,87,92,90,False,False,False
829,gossifleur,50,4,22,40,40,60,40,60,10,False,False,False
830,eldegoss,161,5,25,60,50,90,80,120,60,False,False,False
831,wooloo,122,6,60,42,40,55,40,45,48,False,False,False
832,dubwool,172,13,430,72,80,100,60,90,88,False,False,False
833,chewtle,57,3,85,50,64,50,38,38,44,False,False,False
834,drednaw,170,10,1155,90,115,90,48,68,74,False,False,False
835,yamper,54,3,135,59,45,50,40,50,26,False,False,False
836,boltund,172,10,340,69,90,60,90,60,121,False,False,False
837,rolycoly,48,3,120,30,40,50,40,50,30,False,False,False
838,carkol,144,11,780,80,60,90,60,70,50,False,False,False
839,coalossal,255,28,3105,110,80,120,80,90,30,False,False,False
840,applin,52,2,5,40,40,80,40,40,20,False,False,False
841,flapple,170,3,10,70,110,80,95,60,70,False,False,False
842,appletun,170,4,130,110,85,80,100,80,30,False,False,False
843,silicobra,63,22,76,52,57,75,35,50,46,False,False,False
844,sandaconda,179,38,655,72,107,125,65,70,71,False,False,False
845,cramorant,166,8,180,70,85,55,85,95,85,False,False,False
846,arrokuda,56,5,10,41,63,40,40,30,66,False,False,False
847,barraskewda,172,13,300,61,123,60,60,50,136,False,False,False
848,toxel,48,4,110,40,38,35,54,35,40,True,False,False
849,toxtricity-amped,176,16,400,75,98,70,114,70,75,False,False,False
850,sizzlipede,61,7,10,50,65,45,50,50,45,False,False,False
851,centiskorch,184,30,1200,100,115,65,90,90,65,False,False,False
852,clobbopus,62,6,40,50,68,60,50,50,32,False,False,False
853,grapploct,168,16,390,80,118,90,70,80,42,False,False,False
854,sinistea,62,1,2,40,45,45,74,54,50,False,False,False
855,polteageist,178,2,4,60,65,65,134,114,70,False,False,False
856,hatenna,53,4,34,42,30,45,56,53,39,False,False,False
857,hattrem,130,6,48,57,40,65,86,73,49,False,False,False
858,hatterene,255,21,51,57,90,95,136,103,29,False,False,False
859,impidimp,53,4,55,45,45,30,55,40,50,False,False,False
860,morgrem,130,8,125,65,60,45,75,55,70,False,False,False
861,grimmsnarl,255,15,610,95,120,65,95,75,60,False,False,False
862,obstagoon,260,16,460,93,90,101,60,81,95,False,False,False
863,perrserker,154,8,280,70,110,100,50,60,50,False,False,False
864,cursola,179,10,4,60,95,50,145,130,30,False,False,False
865,sirfetchd,177,8,1170,62,135,95,68,82,65,False,False,False
866,mr-rime,182,15,582,80,85,75,110,100,70,False,False,False
867,runerigus,169,16,666,58,95,145,50,105,30,False,False,False
868,milcery,54,2,3,45,40,40,50,61,34,False,False,False
869,alcremie,173,3,5,65,60,75,110,121,64,False,False,False
870,falinks,165,30,620,65,100,100,70,60,75,False,False,False
871,pincurchin,152,3,10,48,101,95,91,85,15,False,False,False
872,snom,37,3,38,30,25,35,45,30,20,False,False,False
873,frosmoth,166,13,420,70,65,60,125,90,65,False,False,False
874,stonjourner,165,25,5200,100,125,135,20,20,70,False,False,False
875,eiscue-ice,165,14,890,75,80,110,65,90,50,False,False,False
876,indeedee-male,166,9,280,60,65,55,105,95,95,False,False,False
877,morpeko-full-belly,153,3,30,58,95,58,70,58,97,False,False,False
878,cufant,66,12,1000,72,80,49,40,49,40,False,False,False
879,copperajah,175,30,6500,122,130,69,80,69,30,False,False,False
880,dracozolt,177,18,1900,90,100,90,80,70,75,False,False,False
881,arctozolt,177,23,1500,90,100,90,90,80,55,False,False,False
882,dracovish,177,23,2150,90,90,100,70,80,75,False,False,False
883,arctovish,177,20,1750,90,90,100,80,90,55,False,False,False
884,duraludon,187,18,400,70,95,115,120,50,85,False,False,False
885,dreepy,54,5,20,28,60,30,40,30,82,False,False,False
886,drakloak,144,14,110,68,80,50,60,50,102,False,False,False
887,dragapult,300,30,500,88,120,75,100,75,142,False,False,False
888,zacian,335,28,1100,92,120,115,80,115,138,False,False,True
889,zamazenta,335,29,2100,92,120,115,80,115,138,False,False,True
890,eternatus,345,200,9500,140,85,95,145,95,130,False,False,True
891,kubfu,77,6,120,60,90,60,53,50,72,False,False,True
892,urshifu-single-strike,275,19,1050,100,130,100,63,60,97,False,False,True
893,zarude,300,18,700,105,120,105,70,95,105,False,True,False
894,regieleki,290,12,1450,80,100,50,100,50,200,False,False,True
895,regidrago,290,21,2000,200,100,50,100,50,80,False,False,True
896,glastrier,290,22,8000,100,145,130,65,110,30,False,False,True
897,spectrier,290,20,445,100,65,60,145,80,130,False,False,True
898,calyrex,250,11,77,100,80,80,80,80,80,False,False,True
899,wyrdeer,263,18,951,103,105,72,105,75,65,False,False,False
900,kleavor,175,18,890,70,135,95,45,70,85,False,False,False
901,ursaluna,275,24,2900,130,140,105,45,80,50,False,False,False
902,basculegion-male,265,30,1100,120,112,65,80,75,78,False,False,False
903,sneasler,102,13,430,80,130,60,40,80,120,False,False,False
904,overqwil,179,25,605,85,115,95,65,65,85,False,False,False
905,enamorus-incarnate,116,16,480,74,115,70,135,80,106,False,False,True
906,sprigatito,62,4,41,40,61,54,45,45,65,False,False,False
907,floragato,144,9,122,61,80,63,60,63,83,False,False,False
908,meowscarada,265,15,312,76,110,70,81,70,123,False,False,False
909,fuecoco,62,4,98,67,45,59,63,40,36,False,False,False
910,crocalor,144,10,307,81,55,78,90,58,49,False,False,False
911,skeledirge,265,16,3265,104,75,100,110,75,66,False,False,False
912,quaxly,62,5,61,55,65,45,50,45,50,False,False,False
913,quaxwell,144,12,215,70,85,65,65,60,65,False,False,False
914,quaquaval,265,18,619,85,120,80,85,75,85,False,False,False
915,lechonk,51,5,102,54,45,40,35,45,35,False,False,False
916,oinkologne-male,171,10,1200,110,100,75,59,80,65,False,False,False
917,tarountula,42,3,40,35,41,45,29,40,20,False,False,False
918,spidops,141,10,165,60,79,92,52,86,35,False,False,False
919,nymble,42,2,10,33,46,40,21,25,45,False,False,False
920,lokix,158,10,175,71,102,78,52,55,92,False,False,False
921,pawmi,48,3,25,45,50,20,40,25,60,False,False,False
922,pawmo,123,4,65,60,75,40,50,40,85,False,False,False
923,pawmot,245,9,410,70,115,70,70,60,105,False,False,False
924,tandemaus,61,3,18,50,50,45,40,45,75,False,False,False
925,maushold-family-of-four,165,3,28,74,75,70,65,75,111,False,False,False
926,fidough,62,3,109,37,55,70,30,55,65,False,False,False
927,dachsbun,167,5,149,57,80,115,50,80,95,False,False,False
928,smoliv,52,3,65,41,35,45,58,51,30,False,False,False
929,dolliv,124,6,119,52,53,60,78,78,33,False,False,False
930,arboliva,255,14,482,78,69,90,125,109,39,False,False,False
931,squawkabilly-green-plumage,146,6,24,82,96,51,45,51,92,False,False,False
932,nacli,56,4,160,55,55,75,35,35,25,False,False,False
933,naclstack,124,6,1050,60,60,100,35,65,35,False,False,False
934,garganacl,250,23,2400,100,100,130,45,90,35,False,False,False
935,charcadet,51,6,105,40,50,40,50,40,35,False,False,False
936,armarouge,263,15,850,85,60,100,125,80,75,False,False,False
937,ceruledge,263,16,620,75,125,80,60,100,85,False,False,False
938,tadbulb,54,3,4,61,31,41,59,35,45,False,False,False
939,bellibolt,173,12,1130,109,64,91,103,83,45,False,False,False
940,wattrel,56,4,36,40,40,35,55,40,70,False,False,False
941,kilowattrel,172,14,386,70,70,60,105,60,125,False,False,False
942,maschiff,68,5,160,60,78,60,40,51,51,False,False,False
943,mabosstiff,177,11,610,80,120,90,60,70,85,False,False,False
944,shroodle,58,2,7,40,65,35,40,35,75,False,False,False
945,grafaiai,170,7,272,63,95,65,80,72,110,False,False,False
946,bramblin,55,6,6,40,65,30,45,35,60,False,False,False
947,brambleghast,168,12,60,55,115,70,80,70,90,False,False,False
948,toedscool,67,9,330,40,40,35,50,100,70,False,False,False
949,toedscruel,180,19,580,80,70,65,80,120,100,False,False,False
950,klawf,158,13,790,70,100,115,35,55,75,False,False,False
951,capsakid,61,3,30,50,62,40,62,40,50,False,False,False
952,scovillain,170,9,150,65,108,65,108,65,75,False,False,False
953,rellor,54,2,10,41,50,60,31,58,30,False,False,False
954,rabsca,165,3,35,75,50,85,115,100,45,False,False,False
955,flittle,51,2,15,30,35,30,55,30,75,False,False,False
956,espathra,168,19,900,95,60,60,101,60,105,False,False,False
957,tinkatink,59,4,89,50,45,45,35,64,58,False,False,False
958,tinkatuff,133,7,591,65,55,55,45,82,78,False,False,False
959,tinkaton,253,7,1128,85,75,77,70,105,94,False,False,False
960,wiglett,49,12,18,10,55,25,35,25,95,False,False,False
961,wugtrio,149,12,54,35,100,50,50,70,120,False,False,False
962,bombirdier,243,15,429,70,103,85,60,85,82,False,False,False
963,finizen,63,13,602,70,45,40,45,40,75,False,False,False
964,palafin-zero,160,13,602,100,70,72,53,62,100,False,False,False
965,varoom,60,10,350,45,70,63,30,45,47,False,False,False
966,revavroom,175,18,1200,80,119,90,54,67,90,False,False,False
967,cyclizar,175,16,630,70,95,65,85,65,121,False,False,False
968,orthworm,240,25,3100,70,85,145,60,55,65,False,False,False
969,glimmet,70,7,80,48,35,42,105,60,60,False,False,False
970,glimmora,184,15,450,83,55,90,130,81,86,False,False,False
971,greavard,58,6,350,50,61,60,30,55,34,False,False,False
972,houndstone,171,20,150,72,101,100,50,97,68,False,False,False
973,flamigo,175,16,370,82,115,74,75,64,90,False,False,False
974,cetoddle,67,12,450,108,68,45,30,40,43,False,False,False
975,cetitan,182,45,7000,170,113,65,45,55,73,False,False,False
976,veluza,167,25,900,90,102,73,78,65,70,False,False,False
977,dondozo,265,120,2200,150,100,115,65,65,35,False,False,False
978,tatsugiri-curly,166,3,80,68,50,60,120,95,82,False,False,False
979,annihilape,268,12,560,110,115,80,50,90,90,False,False,False
980,clodsire,151,18,2230,130,75,60,45,100,20,False,False,False
981,farigiraf,260,32,1600,120,90,70,110,70,60,False,False,False
982,dudunsparce-two-segment,182,36,392,125,100,80,85,75,55,False,False,False
983,kingambit,275,20,1200,100,135,120,60,85,50,False,False,False
984,great-tusk,285,22,3200,115,131,131,53,53,87,False,False,False
985,scream-tail,285,12,80,115,65,99,65,115,111,False,False,False
986,brute-bonnet,285,12,210,111,127,99,79,99,55,False,False,False
987,flutter-mane,285,14,40,55,55,55,135,135,135,False,False,False
988,slither-wing,285,32,920,85,135,79,85,105,81,False,False,False
989,sandy-shocks,285,23,600,85,81,97,121,85,101,False,False,False
990,iron-treads,285,9,2400,90,112,120,72,70,106,False,False,False
991,iron-bundle,285,6,110,56,80,114,124,60,136,False,False,False
992,iron-hands,285,18,3807,154,140,108,50,68,50,False,False,False
993,iron-jugulis,285,13,1110,94,80,86,122,80,108,False,False,False
994,iron-moth,285,12,360,80,70,60,140,110,110,False,False,False
995,iron-thorns,285,16,3030,100,134,110,70,84,72,False,False,False
996,frigibax,64,5,170,65,75,45,35,45,55,False,False,False
997,arctibax,148,8,300,90,95,66,45,65,62,False,False,False
998,baxcalibur,300,21,2100,115,145,92,75,86,87,False,False,False
999,gimmighoul,60,3,50,45,30,70,75,70,10,False,False,False
1000,gholdengo,275,12,300,87,60,95,133,91,84,False,False,False
1001,wo-chien,285,15,742,85,85,100,95,135,70,False,False,True
1002,chien-pao,285,19,1522,80,120,80,90,65,135,False,False,True
1003,ting-lu,285,27,6997,155,110,125,55,80,45,False,False,True
1004,chi-yu,285,4,49,55,80,80,135,120,100,False,False,True
1005,roaring-moon,295,20,3800,105,139,71,55,101,119,False,False,False
1006,iron-valiant,295,14,350,74,130,90,120,60,116,False,False,False
1007,koraidon,335,25,3030,100,135,115,85,100,135,False,False,True
1008,miraidon,335,35,2400,100,85,100,135,115,135,False,False,True
1009,walking-wake,295,35,2800,99,83,91,125,83,109,False,False,False
1010,iron-leaves,295,15,1250,90,130,88,70,108,104,False,False,False
1011,dipplin,170,4,97,80,80,110,95,80,40,False,False,False
1012,poltchageist,62,1,11,40,45,45,74,54,50,False,False,False
1013,sinistcha,178,2,22,71,60,106,121,80,70,False,False,False
1014,okidogi,278,18,922,88,128,115,58,86,80,False,False,True
1015,munkidori,278,10,122,88,75,66,130,90,106,False,False,True
1016,fezandipiti,278,14,301,88,91,82,70,125,99,False,False,True
1017,ogerpon,275,12,398,80,120,84,60,96,110,False,False,True
1018,archaludon,300,20,600,90,105,130,125,65,85,False,False,False
1019,hydrapple,270,18,930,106,80,110,120,80,44,False,False,False
1020,gouging-fire,295,35,5900,105,115,121,65,93,91,False,False,False
1021,raging-bolt,295,52,4800,125,73,91,137,89,75,False,False,False
1022,iron-boulder,295,15,1625,90,120,80,68,108,124,False,False,False
1023,iron-crown,295,16,1560,90,72,100,122,108,98,False,False,False
1024,terapagos,90,2,65,90,65,85,65,85,60,False,False,True
1025,pecharunt,300,3,3,88,88,160,88,88,88,False,True,False
10001,deoxys-attack,270,17,608,50,180,20,180,20,150,False,True,False
10002,deoxys-defense,270,17,608,50,70,160,70,160,90,False,True,False
10003,deoxys-speed,270,17,608,50,95,90,95,90,180,False,True,False
10004,wormadam-sandy,148,5,65,60,79,105,59,85,36,False,False,False
10005,wormadam-trash,148,5,65,60,69,95,69,95,36,False,False,False
10006,shaymin-sky,270,4,52,100,103,75,120,75,127,False,True,False
10007,giratina-origin,340,69,6500,150,120,100,120,100,90,False,False,True
10008,rotom-heat,182,3,3,50,65,107,105,107,86,False,False,False
10009,rotom-wash,182,3,3,50,65,107,105,107,86,False,False,False
10010,rotom-frost,182,3,3,50,65,107,105,107,86,False,False,False
10011,rotom-fan,182,3,3,50,65,107,105,107,86,False,False,False
10012,rotom-mow,182,3,3,50,65,107,105,107,86,False,False,False
10013,castform-sunny,147,3,8,70,70,70,70,70,70,False,False,False
10014,castform-rainy,147,3,8,70,70,70,70,70,70,False,False,False
10015,castform-snowy,147,3,8,70,70,70,70,70,70,False,False,False
10016,basculin-blue-striped,161,10,180,70,92,65,80,55,98,False,False,False
10017,darmanitan-zen,189,13,929,105,30,105,140,105,55,False,False,False
10018,meloetta-pirouette,270,6,65,100,128,90,77,77,128,False,True,False
10019,tornadus-therian,290,14,630,79,100,80,110,90,121,False,False,True
10020,thundurus-therian,290,30,610,79,105,70,145,80,101,False,False,True
10021,landorus-therian,300,13,680,89,145,90,105,80,91,False,False,True
10022,kyurem-black,350,33,3250,125,170,100,120,90,95,False,False,True
10023,kyurem-white,350,36,3250,125,120,90,170,100,95,False,False,True
10024,keldeo-resolute,290,14,485,91,72,90,129,90,108,False,True,False
10025,meowstic-female,163,6,85,74,48,76,83,81,104,False,False,False
10026,aegislash-blade,250,17,530,60,140,50,140,50,60,False,False,False
10027,pumpkaboo-small,67,3,35,44,66,70,44,55,56,False,False,False
10028,pumpkaboo-large,67,5,75,54,66,70,44,55,46,False,False,False
10029,pumpkaboo-super,67,8,150,59,66,70,44,55,41,False,False,False
10030,gourgeist-small,173,7,95,55,85,122,58,75,99,False,False,False
10031,gourgeist-large,173,11,140,75,95,122,58,75,69,False,False,False
10032,gourgeist-super,173,17,390,85,100,122,58,75,54,False,False,False
10033,venusaur-mega,281,24,1555,80,100,123,122,120,80,False,False,False
10034,charizard-mega-x,285,17,1105,78,130,111,130,85,100,False,False,False
10035,charizard-mega-y,285,17,1005,78,104,78,159,115,100,False,False,False
10036,blastoise-mega,284,16,1011,79,103,120,135,115,78,False,False,False
10037,alakazam-mega,270,12,480,55,50,65,175,105,150,False,False,False
10038,gengar-mega,270,14,405,60,65,80,170,95,130,False,False,False
10039,kangaskhan-mega,207,22,1000,105,125,100,60,100,100,False,False,False
10040,pinsir-mega,210,17,590,65,155,120,65,90,105,False,False,False
10041,gyarados-mega,224,65,3050,95,155,109,70,130,81,False,False,False
10042,aerodactyl-mega,215,21,790,80,135,85,70,95,150,False,False,False
10043,mewtwo-mega-x,351,23,1270,106,190,100,154,100,130,False,False,True
10044,mewtwo-mega-y,351,15,330,106,150,70,194,120,140,False,False,True
10045,ampharos-mega,275,14,615,90,95,105,165,110,45,False,False,False
10046,scizor-mega,210,20,1250,70,150,140,65,100,75,False,False,False
10047,heracross-mega,210,17,625,80,185,115,40,105,75,False,False,False
10048,houndoom-mega,210,19,495,75,90,90,140,90,115,False,False,False
10049,tyranitar-mega,315,25,2550,100,164,150,95,120,71,False,False,False
10050,blaziken-mega,284,19,520,80,160,80,130,80,100,False,False,False
10051,gardevoir-mega,278,16,484,68,85,65,165,135,100,False,False,False
10052,mawile-mega,168,10,235,50,105,125,55,95,50,False,False,False
10053,aggron-mega,284,22,3950,70,140,230,60,80,50,False,False,False
10054,medicham-mega,179,13,315,60,100,85,80,85,100,False,False,False
10055,manectric-mega,201,18,440,70,75,80,135,80,135,False,False,False
10056,banette-mega,194,12,130,64,165,75,93,83,75,False,False,False
10057,absol-mega,198,12,490,65,150,60,115,60,115,False,False,False
10058,garchomp-mega,315,19,950,108,170,115,120,95,92,False,False,False
10059,lucario-mega,219,13,575,70,145,88,140,70,112,False,False,False
10060,abomasnow-mega,208,27,1850,90,132,105,132,105,30,False,False,False
10061,floette-eternal,243,2,9,74,65,67,125,128,92,False,False,False
10062,latias-mega,315,18,520,80,100,120,140,150,110,False,False,True
10063,latios-mega,315,23,700,80,130,100,160,120,110,False,False,True
10064,swampert-mega,286,19,1020,100,150,110,95,110,70,False,False,False
10065,sceptile-mega,284,19,552,70,110,75,145,85,145,False,False,False
10066,sableye-mega,168,5,1610,50,85,125,85,115,20,False,False,False
10067,altaria-mega,207,15,206,75,110,110,110,105,80,False,False,False
10068,gallade-mega,278,16,564,68,165,95,65,115,110,False,False,False
10069,audino-mega,425,15,320,103,60,126,80,126,50,False,False,False
10070,sharpedo-mega,196,25,1303,70,140,70,110,65,105,False,False,False
10071,slowbro-mega,207,20,1200,95,75,180,130,80,30,False,False,False
10072,steelix-mega,214,105,7400,75,125,230,55,95,30,False,False,False
10073,pidgeot-mega,261,22,505,83,80,80,135,80,121,False,False,False
10074,glalie-mega,203,21,3502,80,120,80,120,80,100,False,False,False
10075,diancie-mega,315,11,278,50,160,110,160,110,110,False,True,False
10076,metagross-mega,315,25,9429,80,145,150,105,110,110,False,False,False
10077,kyogre-primal,347,98,4300,100,150,90,180,160,90,False,False,True
10078,groudon-primal,347,50,9997,100,180,160,150,90,90,False,False,True
10079,rayquaza-mega,351,108,3920,105,180,100,180,100,115,False,False,True
10080,pikachu-rock-star,112,4,60,35,55,40,50,50,90,False,False,False
10081,pikachu-belle,112,4,60,35,55,40,50,50,90,False,False,False
10082,pikachu-pop-star,112,4,60,35,55,40,50,50,90,False,False,False
10083,pikachu-phd,112,4,60,35,55,40,50,50,90,False,False,False
10084,pikachu-libre,112,4,60,35,55,40,50,50,90,False,False,False
10085,pikachu-cosplay,112,4,60,35,55,40,50,50,90,False,False,False
10086,hoopa-unbound,306,65,4900,80,160,60,170,130,80,False,True,False
10087,camerupt-mega,196,25,3205,70,120,100,145,105,20,False,False,False
10088,lopunny-mega,203,13,283,65,136,94,54,96,135,False,False,False
10089,salamence-mega,315,18,1126,95,145,130,120,90,120,False,False,False
10090,beedrill-mega,223,14,405,65,150,40,15,80,145,False,False,False
10091,rattata-alola,51,3,38,30,56,35,25,35,72,False,False,False
10092,raticate-alola,145,7,255,75,71,70,40,80,77,False,False,False
10093,raticate-totem-alola,145,14,1050,75,71,70,40,80,77,False,False,False
10094,pikachu-original-cap,112,4,60,35,55,40,50,50,90,False,False,False
10095,pikachu-hoenn-cap,112,4,60,35,55,40,50,50,90,False,False,False
10096,pikachu-sinnoh-cap,112,4,60,35,55,40,50,50,90,False,False,False
10097,pikachu-unova-cap,112,4,60,35,55,40,50,50,90,False,False,False
10098,pikachu-kalos-cap,112,4,60,35,55,40,50,50,90,False,False,False
10099,pikachu-alola-cap,112,4,60,35,55,40,50,50,90,False,False,False
10100,raichu-alola,243,7,210,60,85,50,95,85,110,False,False,False
10101,sandshrew-alola,60,7,400,50,75,90,10,35,40,False,False,False
10102,sandslash-alola,158,12,550,75,100,120,25,65,65,False,False,False
10103,vulpix-alola,60,6,99,38,41,40,50,65,65,False,False,False
10104,ninetales-alola,177,11,199,73,67,75,81,100,109,False,False,False
10105,diglett-alola,53,2,10,10,55,30,35,45,90,False,False,False
10106,dugtrio-alola,149,7,666,35,100,60,50,70,110,False,False,False
10107,meowth-alola,58,4,42,40,35,35,50,40,90,False,False,False
10108,persian-alola,154,11,330,65,60,60,75,65,115,False,False,False
10109,geodude-alola,60,4,203,40,80,100,30,30,20,False,False,False
10110,graveler-alola,137,10,1100,55,95,115,45,45,35,False,False,False
10111,golem-alola,223,17,3160,80,120,130,55,65,45,False,False,False
10112,grimer-alola,65,7,420,80,80,50,40,50,25,False,False,False
10113,muk-alola,175,10,520,105,105,75,65,100,50,False,False,False
10114,exeggutor-alola,186,109,4156,95,105,85,125,75,45,False,False,False
10115,marowak-alola,149,10,340,60,80,110,50,80,45,False,False,False
10116,greninja-battle-bond,239,15,400,72,95,67,103,71,122,False,False,False
10117,greninja-ash,288,15,400,72,145,67,153,71,132,False,False,False
10118,zygarde-10-power-construct,243,12,335,54,100,71,61,85,115,False,False,True
10119,zygarde-50-power-construct,300,50,3050,108,100,121,81,95,95,False,False,True
10120,zygarde-complete,354,45,6100,216,100,121,91,95,85,False,False,True
10121,gumshoos-totem,146,14,600,88,110,60,55,60,45,False,False,False
10122,vikavolt-totem,225,26,1475,77,70,90,145,75,43,False,False,False
10123,oricorio-pom-pom,167,6,34,75,70,70,98,70,93,False,False,False
10124,oricorio-pau,167,6,34,75,70,70,98,70,93,False,False,False
10125,oricorio-sensu,167,6,34,75,70,70,98,70,93,False,False,False
10126,lycanroc-midnight,170,11,250,85,115,75,55,75,82,False,False,False
10127,wishiwashi-school,217,82,786,45,140,130,140,135,30,False,False,False
10128,lurantis-totem,168,15,580,70,105,90,80,90,45,False,False,False
10129,salazzle-totem,168,21,810,68,64,60,111,60,117,False,False,False
10130,minior-orange-meteor,154,3,400,60,60,100,60,100,60,False,False,False
10131,minior-yellow-meteor,154,3,400,60,60,100,60,100,60,False,False,False
10132,minior-green-meteor,154,3,400,60,60,100,60,100,60,False,False,False
10133,minior-blue-meteor,154,3,400,60,60,100,60,100,60,False,False,False
10134,minior-indigo-meteor,154,3,400,60,60,100,60,100,60,False,False,False
10135,minior-violet-meteor,154,3,400,60,60,100,60,100,60,False,False,False
10136,minior-red,175,3,3,60,100,60,100,60,120,False,False,False
10137,minior-orange,175,3,3,60,100,60,100,60,120,False,False,False
10138,minior-yellow,175,3,3,60,100,60,100,60,120,False,False,False
10139,minior-green,175,3,3,60,100,60,100,60,120,False,False,False
10140,minior-blue,175,3,3,60,100,60,100,60,120,False,False,False
10141,minior-indigo,175,3,3,60,100,60,100,60,120,False,False,False
10142,minior-violet,175,3,3,60,100,60,100,60,120,False,False,False
10143,mimikyu-busted,167,2,7,55,90,80,50,105,96,False,False,False
10144,mimikyu-totem-disguised,167,4,28,55,90,80,50,105,96,False,False,False
10145,mimikyu-totem-busted,167,4,28,55,90,80,50,105,96,False,False,False
10146,kommo-o-totem,270,24,2075,75,110,125,100,105,85,False,False,False
10147,magearna-original,300,10,805,80,95,115,130,115,65,False,True,False
10148,pikachu-partner-cap,112,4,60,35,55,40,50,50,90,False,False,False
10149,marowak-totem,149,17,980,60,80,110,50,80,45,False,False,False
10150,ribombee-totem,162,4,20,60,55,60,95,70,124,False,False,False
10151,rockruff-own-tempo,56,5,92,45,65,40,30,40,60,False,False,False
10152,lycanroc-dusk,170,8,250,75,117,65,55,65,110,False,False,False
10153,araquanid-totem,159,31,2175,68,70,92,50,132,42,False,False,False
10154,togedemaru-totem,152,6,130,65,98,63,40,73,96,False,False,False
10155,necrozma-dusk,340,38,4600,97,157,127,113,109,77,False,False,True
10156,necrozma-dawn,340,42,3500,97,113,109,157,127,77,False,False,True
10157,necrozma-ultra,339,75,2300,97,167,97,167,97,129,False,False,True
10158,pikachu-starter,86,4,60,45,80,50,75,60,120,False,False,False
10159,eevee-starter,87,3,65,65,75,70,65,85,75,False,False,False
10160,pikachu-world-cap,112,4,60,35,55,40,50,50,90,False,False,False
10161,meowth-galar,58,4,75,50,65,55,40,40,40,False,False,False
10162,ponyta-galar,82,8,240,50,85,55,65,65,90,False,False,False
10163,rapidash-galar,175,17,800,65,100,70,80,80,105,False,False,False
10164,slowpoke-galar,63,12,360,90,65,65,40,40,15,False,False,False
10165,slowbro-galar,172,16,705,95,100,95,100,70,30,False,False,False
10166,farfetchd-galar,132,8,420,52,95,55,58,62,55,False,False,False
10167,weezing-galar,172,30,160,65,90,120,85,70,60,False,False,False
10168,mr-mime-galar,161,14,568,50,65,65,90,90,100,False,False,False
10169,articuno-galar,290,17,509,90,85,85,125,100,95,False,False,True
10170,zapdos-galar,290,16,582,90,125,90,85,90,100,False,False,True
10171,moltres-galar,290,20,660,90,85,90,100,125,90,False,False,True
10172,slowking-galar,172,18,795,95,65,80,110,110,30,False,False,False
10173,corsola-galar,144,6,5,60,55,100,65,100,30,False,False,False
10174,zigzagoon-galar,56,4,175,38,30,41,30,41,60,False,False,False
10175,linoone-galar,147,5,325,78,70,61,50,61,100,False,False,False
10176,darumaka-galar,63,7,400,70,90,45,15,45,50,False,False,False
10177,darmanitan-galar-standard,168,17,1200,105,140,55,30,55,95,False,False,False
10178,darmanitan-galar-zen,189,17,1200,105,160,55,30,55,135,False,False,False
10179,yamask-galar,61,5,15,38,55,85,30,65,30,False,False,False
10180,stunfisk-galar,165,7,205,109,81,99,66,84,32,False,False,False
10181,zygarde-10,243,12,335,54,100,71,61,85,115,False,False,True
10182,cramorant-gulping,166,8,180,70,85,55,85,95,85,False,False,False
10183,cramorant-gorging,166,8,180,70,85,55,85,95,85,False,False,False
10184,toxtricity-low-key,176,16,400,75,98,70,114,70,75,False,False,False
10185,eiscue-noice,165,14,890,75,80,70,65,50,130,False,False,False
10186,indeedee-female,166,9,280,70,55,65,95,105,85,False,False,False
10187,morpeko-hangry,153,3,30,58,95,58,70,58,97,False,False,False
10188,zacian-crowned,360,28,3550,92,150,115,80,115,148,False,False,True
10189,zamazenta-crowned,360,29,7850,92,120,140,80,140,128,False,False,True
10190,eternatus-eternamax,563,1000,0,255,115,250,125,250,130,False,False,True
10191,urshifu-rapid-strike,275,19,1050,100,130,100,63,60,97,False,False,True
10192,zarude-dada,300,18,700,105,120,105,70,95,105,False,True,False
10193,calyrex-ice,340,24,8091,100,165,150,85,130,50,False,False,True
10194,calyrex-shadow,340,24,536,100,85,80,165,100,150,False,False,True
10195,venusaur-gmax,236,240,10000,80,82,83,100,100,80,False,False,False
10196,charizard-gmax,240,280,10000,78,84,78,109,85,100,False,False,False
10197,blastoise-gmax,239,250,10000,79,83,100,85,105,78,False,False,False
10198,butterfree-gmax,178,170,10000,60,45,50,90,80,70,False,False,False
10199,pikachu-gmax,112,210,10000,35,55,40,50,50,90,False,False,False
10200,meowth-gmax,58,330,10000,40,45,35,40,40,90,False,False,False
10201,machamp-gmax,227,250,10000,90,130,80,65,85,55,False,False,False
10202,gengar-gmax,225,200,10000,60,65,60,130,75,110,False,False,False
10203,kingler-gmax,166,190,10000,55,130,115,50,50,75,False,False,False
10204,lapras-gmax,187,240,10000,130,85,80,85,95,60,False,False,False
10205,eevee-gmax,65,180,10000,55,55,50,45,65,55,False,False,False
10206,snorlax-gmax,189,350,10000,160,110,65,65,110,30,False,False,False
10207,garbodor-gmax,166,210,10000,80,95,82,60,82,75,False,False,False
10208,melmetal-gmax,270,250,10000,135,143,143,80,65,34,False,True,False
10209,rillaboom-gmax,265,280,10000,100,125,90,60,70,85,False,False,False
10210,cinderace-gmax,265,270,10000,80,116,75,65,75,119,False,False,False
10211,inteleon-gmax,265,400,10000,70,85,65,125,65,120,False,False,False
10212,corviknight-gmax,248,140,10000,98,87,105,53,85,67,False,False,False
10213,orbeetle-gmax,253,140,10000,60,45,110,80,120,90,False,False,False
10214,drednaw-gmax,170,240,10000,90,115,90,48,68,74,False,False,False
10215,coalossal-gmax,255,420,10000,110,80,120,80,90,30,False,False,False
10216,flapple-gmax,170,240,10000,70,110,80,95,60,70,False,False,False
10217,appletun-gmax,170,240,10000,110,85,80,100,80,30,False,False,False
10218,sandaconda-gmax,179,220,10000,72,107,125,65,70,71,False,False,False
10219,toxtricity-amped-gmax,176,240,10000,75,98,70,114,70,75,False,False,False
10220,centiskorch-gmax,184,750,10000,100,115,65,90,90,65,False,False,False
10221,hatterene-gmax,255,260,10000,57,90,95,136,103,29,False,False,False
10222,grimmsnarl-gmax,255,320,10000,95,120,65,95,75,60,False,False,False
10223,alcremie-gmax,173,300,10000,65,60,75,110,121,64,False,False,False
10224,copperajah-gmax,175,230,10000,122,130,69,80,69,30,False,False,False
10225,duraludon-gmax,187,430,10000,70,95,115,120,50,85,False,False,False
10226,urshifu-single-strike-gmax,275,290,10000,100,130,100,63,60,97,False,False,True
10227,urshifu-rapid-strike-gmax,275,260,10000,100,130,100,63,60,97,False,False,True
10228,toxtricity-low-key-gmax,176,240,10000,75,98,70,114,70,75,False,False,False
10229,growlithe-hisui,70,8,227,60,75,45,65,50,55,False,False,False
10230,arcanine-hisui,194,20,1680,95,115,80,95,80,90,False,False,False
10231,voltorb-hisui,66,5,130,40,30,50,55,55,100,False,False,False
10232,electrode-hisui,172,12,710,60,50,70,80,80,150,False,False,False
10233,typhlosion-hisui,240,16,698,73,84,78,119,85,95,False,False,False
10234,qwilfish-hisui,88,5,39,65,95,85,55,55,85,False,False,False
10235,sneasel-hisui,86,9,270,55,95,55,35,75,115,False,False,False
10236,samurott-hisui,238,15,582,90,108,80,100,65,85,False,False,False
10237,lilligant-hisui,168,12,192,70,105,75,50,75,105,False,False,False
10238,zorua-hisui,66,7,125,35,60,40,85,40,70,False,False,False
10239,zoroark-hisui,179,16,730,55,100,60,125,60,110,False,False,False
10240,braviary-hisui,179,17,434,110,83,70,112,70,65,False,False,False
10241,sliggoo-hisui,158,7,685,58,75,83,83,113,40,False,False,False
10242,goodra-hisui,270,17,3341,80,100,100,110,150,60,False,False,False
10243,avalugg-hisui,180,14,2624,95,127,184,34,36,38,False,False,False
10244,decidueye-hisui,239,16,370,88,112,80,95,95,60,False,False,False
10245,dialga-origin,306,70,8487,100,100,120,150,120,90,False,False,True
10246,palkia-origin,306,63,6590,90,100,100,150,120,120,False,False,True
10247,basculin-white-striped,161,10,180,70,92,65,80,55,98,False,False,False
10248,basculegion-female,265,30,1100,120,92,65,100,75,78,False,False,False
10249,enamorus-therian,116,16,480,74,115,110,135,100,46,False,False,True
10250,tauros-paldea-combat-breed,172,14,1150,75,110,105,30,70,100,False,False,False
10251,tauros-paldea-blaze-breed,172,14,850,75,110,105,30,70,100,False,False,False
10252,tauros-paldea-aqua-breed,172,14,1100,75,110,105,30,70,100,False,False,False
10253,wooper-paldea,42,4,110,55,45,45,25,25,15,False,False,False
10254,oinkologne-female,171,10,1200,115,90,70,59,90,65,False,False,False
10255,dudunsparce-three-segment,182,45,474,125,100,80,85,75,55,False,False,False
10256,palafin-hero,160,18,974,100,160,97,106,87,100,False,False,False
10257,maushold-family-of-three,165,3,23,74,75,70,65,75,111,False,False,False
10258,tatsugiri-droopy,166,3,80,68,50,60,120,95,82,False,False,False
10259,tatsugiri-stretchy,166,3,80,68,50,60,120,95,82,False,False,False
10260,squawkabilly-blue-plumage,146,6,24,82,96,51,45,51,92,False,False,False
10261,squawkabilly-yellow-plumage,146,6,24,82,96,51,45,51,92,False,False,False
10262,squawkabilly-white-plumage,146,6,24,82,96,51,45,51,92,False,False,False
10263,gimmighoul-roaming,60,1,10,45,30,25,75,45,80,False,False,False
10264,koraidon-limited-build,335,35,3030,100,135,115,85,100,135,False,False,True
10265,koraidon-sprinting-build,335,35,3030,100,135,115,85,100,135,False,False,True
10266,koraidon-swimming-build,335,35,3030,100,135,115,85,100,135,False,False,True
10267,koraidon-gliding-build,335,35,3030,100,135,115,85,100,135,False,False,True
10268,miraidon-low-power-mode,335,28,2400,100,85,100,135,115,135,False,False,True
10269,miraidon-drive-mode,335,28,2400,100,85,100,135,115,135,False,False,True
10270,miraidon-aquatic-mode,335,28,2400,100,85,100,135,115,135,False,False,True
10271,miraidon-glide-mode,335,28,2400,100,85,100,135,115,135,False,False,True
10272,ursaluna-bloodmoon,275,24,2900,113,70,120,135,65,52,False,False,False
10273,ogerpon-wellspring-mask,275,12,398,80,120,84,60,96,110,False,False,True
10274,ogerpon-hearthflame-mask,275,12,398,80,120,84,60,96,110,False,False,True
10275,ogerpon-cornerstone-mask,275,12,398,80,120,84,60,96,110,False,False,True
10276,terapagos-terastal,90,3,160,95,95,110,105,110,85,False,False,True
10277,terapagos-stellar,90,17,770,160,105,110,130,110,85,False,False,True
10278,clefable-mega,,17,423,95,80,93,135,110,70,False,False,False
10279,victreebel-mega,,45,1255,80,125,85,135,95,70,False,False,False
10280,starmie-mega,,23,800,60,100,105,130,105,120,False,False,False
10281,dragonite-mega,,22,2900,91,124,115,145,125,100,False,False,False
10282,meganium-mega,,24,2010,80,92,115,143,115,80,False,False,False
10283,feraligatr-mega,,23,1088,85,160,125,89,93,78,False,False,False
10284,skarmory-mega,,17,404,65,140,110,40,100,110,False,False,False
10285,froslass-mega,,26,296,70,80,70,140,100,120,False,False,False
10286,emboar-mega,,18,1803,110,148,75,110,110,75,False,False,False
10287,excadrill-mega,,9,600,110,165,100,65,65,103,False,False,False
10288,scolipede-mega,,32,2305,60,140,149,75,99,62,False,False,False
10289,scrafty-mega,,11,310,65,130,135,55,135,68,False,False,False
10290,eelektross-mega,,30,1800,85,145,80,135,90,80,False,False,False
10291,chandelure-mega,,25,696,60,75,110,175,110,90,False,False,False
10292,chesnaught-mega,,16,900,88,137,172,74,115,44,False,False,False
10293,delphox-mega,,15,390,75,69,72,159,125,134,False,False,False
10294,greninja-mega,,15,400,72,125,77,133,81,142,False,False,False
10295,pyroar-mega,,15,933,86,88,92,129,86,126,False,False,False
10296,floette-mega,,2,1008,74,85,87,155,148,102,False,False,False
10297,malamar-mega,,29,698,86,102,88,98,120,88,False,False,False
10298,barbaracle-mega,,22,1000,72,140,130,64,106,88,False,False,False
10299,dragalge-mega,,21,1003,65,85,105,132,163,44,False,False,False
10300,hawlucha-mega,,10,250,78,137,100,74,93,118,False,False,False
10301,zygarde-mega,,77,6100,216,70,91,216,85,100,False,False,True
10302,drampa-mega,,30,2405,78,85,110,160,116,36,False,False,False
10303,falinks-mega,,16,990,65,135,135,70,65,100,False,False,False
10304,raichu-mega-x,,12,380,60,135,95,90,95,110,False,False,False
10305,raichu-mega-y,,10,260,60,100,55,160,80,130,False,False,False
10306,chimecho-mega,,12,80,75,50,110,135,120,65,False,False,False
10307,absol-mega-z,,12,490,65,154,60,75,60,151,False,False,False
10308,staraptor-mega,,19,500,85,140,100,60,90,110,False,False,False
10309,garchomp-mega-z,,19,990,108,130,85,141,85,151,False,False,False
10310,lucario-mega-z,,13,494,70,100,70,164,70,151,False,False,False
10311,heatran-mega,,28,5700,91,120,106,175,141,67,False,False,True
10312,darkrai-mega,,30,2400,70,120,130,165,130,85,False,True,False
10313,golurk-mega,,40,3300,89,159,105,70,105,55,False,False,False
10314,meowstic-male-mega,,8,101,74,48,76,143,101,124,False,False,False
10315,crabominable-mega,,26,2528,97,157,122,62,107,33,False,False,False
10316,golisopod-mega,,23,1480,75,150,175,70,120,40,False,False,False
10317,magearna-mega,,13,2481,80,125,115,170,115,95,False,True,False
10318,magearna-original-mega,,13,2481,80,125,115,170,115,95,False,True,False
10319,zeraora-mega,,15,445,88,157,75,147,80,153,False,True,False
10320,scovillain-mega,,12,220,65,138,85,138,85,75,False,False,False
10321,glimmora-mega,,28,770,83,90,105,150,96,101,False,False,False
10322,tatsugiri-curly-mega,,6,240,68,65,90,135,125,92,False,False,False
10323,tatsugiri-droopy-mega,,6,240,68,65,90,135,125,92,False,False,False
10324,tatsugiri-stretchy-mega,,6,240,68,65,90,135,125,92,False,False,False
10325,baxcalibur-mega,,21,3150,115,175,117,105,101,87,False,False,False
10326,meowstic-female-mega,,8,101,74,48,76,143,101,124,False,False,False
